date,open,high,low,close,volume
2022-01-03T00:00:00Z,37.307500,39.845000,37.302500,38.210000,5668004
2022-01-04T00:00:00Z,38.042500,38.247500,35.762500,37.227500,7339576
2022-01-05T00:00:00Z,37.097500,37.212500,32.287525,32.342500,13585600
2022-01-06T00:00:00Z,33.210000,34.425000,30.285000,32.757500,24205920
2022-01-07T00:00:00Z,39.942500,40.077500,33.125000,35.155000,48549220
2022-01-10T00:00:00Z,33.747500,33.922500,30.000000,32.787500,22047924
2022-01-11T00:00:00Z,32.525000,34.200000,31.847525,32.575000,10332220
2022-01-12T00:00:00Z,32.500000,32.830000,31.612500,32.015000,6298036
2022-01-13T00:00:00Z,32.125000,32.625000,30.422500,30.620000,8901080
2022-01-14T00:00:00Z,30.037500,30.575000,28.005000,29.162500,15401912
2022-01-18T00:00:00Z,28.277500,28.437500,26.100500,27.227500,15037612
2022-01-19T00:00:00Z,27.502500,28.262500,26.102500,26.642500,9614316
2022-01-20T00:00:00Z,26.975000,28.800000,25.400000,25.667500,11680296
2022-01-21T00:00:00Z,25.250000,27.552500,23.180000,26.590000,22120044
2022-01-24T00:00:00Z,24.755000,25.715000,21.572500,25.037500,25070996
2022-01-25T00:00:00Z,24.230000,26.242300,23.752500,24.947500,14297020
2022-01-26T00:00:00Z,25.275000,29.750000,25.077500,25.815000,33330160
2022-01-27T00:00:00Z,26.035000,26.750000,23.221625,23.380000,14679824
2022-01-28T00:00:00Z,23.850000,24.500000,21.901250,24.477500,16430268
2022-01-31T00:00:00Z,24.467500,27.454975,24.465000,27.232500,13997092
2022-02-01T00:00:00Z,28.252500,29.162500,27.066225,28.150000,13847508
2022-02-02T00:00:00Z,27.587500,27.964975,24.515000,25.010000,13116540
2022-02-03T00:00:00Z,25.375000,26.735000,24.427500,24.807500,10710076
2022-02-04T00:00:00Z,24.752500,26.000000,23.770000,25.585000,7627164
2022-02-07T00:00:00Z,25.747500,26.346225,24.692500,25.585000,7037440
2022-02-08T00:00:00Z,25.438750,29.417925,25.137500,28.900000,19839624
2022-02-09T00:00:00Z,28.522500,31.177500,28.250000,31.072500,15467580
2022-02-10T00:00:00Z,29.487500,32.945000,29.000000,30.617500,14826148
2022-02-11T00:00:00Z,30.620000,32.466700,30.192650,31.062500,11299108
2022-02-14T00:00:00Z,30.732500,31.375000,29.037500,29.272500,9102704
2022-02-15T00:00:00Z,30.240000,31.807475,29.815000,31.540000,7920356
2022-02-16T00:00:00Z,31.107500,33.212500,30.980000,32.082500,8007724
2022-02-17T00:00:00Z,31.692500,32.711975,30.555000,30.852500,6256416
2022-02-18T00:00:00Z,31.050000,31.412400,29.532750,30.382500,6214156
2022-02-22T00:00:00Z,29.550000,30.832500,28.546250,29.515000,6156452
2022-02-23T00:00:00Z,30.305000,30.838750,28.570025,28.717500,5393008
2022-02-24T00:00:00Z,26.382500,31.427500,26.030000,31.145000,9024848
2022-02-25T00:00:00Z,30.892500,31.242500,29.121250,29.645000,6841020
2022-02-28T00:00:00Z,30.250000,31.571250,29.222500,30.835000,6457988
2022-03-01T00:00:00Z,30.547500,31.467500,29.587500,29.755000,4384084
2022-03-02T00:00:00Z,29.875000,30.667500,29.092850,30.492500,5242600
2022-03-03T00:00:00Z,30.740000,30.935000,29.307500,29.602500,4382408
2022-03-04T00:00:00Z,29.502500,30.127500,27.645300,27.915000,5920052
2022-03-07T00:00:00Z,28.750000,28.750000,24.025625,24.837500,12591460
2022-03-08T00:00:00Z,25.257500,27.247500,24.271525,25.752500,8536116
2022-03-09T00:00:00Z,26.745000,27.215000,25.875000,26.302500,5598388
2022-03-10T00:00:00Z,25.980000,26.014300,24.562800,25.140000,5581868
2022-03-11T00:00:00Z,25.665000,25.725000,23.172500,23.172500,8822152
2022-03-14T00:00:00Z,23.357500,23.580000,19.395000,19.527500,18134456
2022-03-15T00:00:00Z,20.525000,21.890000,19.670000,20.660000,14115192
2022-03-16T00:00:00Z,21.277500,22.502500,20.500000,21.715000,10615712
2022-03-17T00:00:00Z,21.275000,22.395000,20.862500,21.925000,13796480
2022-03-18T00:00:00Z,19.935000,24.362500,19.725000,22.697500,35688376
2022-03-21T00:00:00Z,22.500000,24.849800,22.440000,23.550000,15812448
2022-03-22T00:00:00Z,23.850000,31.447500,23.612500,30.785000,60068908
2022-03-23T00:00:00Z,32.500000,37.732475,31.637500,35.250000,98399364
2022-03-24T00:00:00Z,33.503750,35.870000,31.690000,35.597500,36400600
2022-03-25T00:00:00Z,35.010000,39.539975,34.550000,37.987500,53535480
2022-03-28T00:00:00Z,37.995000,47.710000,37.886250,47.397500,65266096
2022-03-29T00:00:00Z,47.060000,49.852500,40.750000,44.975000,72045956
2022-03-30T00:00:00Z,43.750000,45.834225,41.250000,41.712500,36676744
2022-03-31T00:00:00Z,40.775000,43.936250,39.627500,41.645000,44968912
2022-04-01T00:00:00Z,47.225000,47.442200,38.815000,41.250000,52758252
2022-04-04T00:00:00Z,41.745000,43.310000,39.127500,42.682500,18560308
2022-04-05T00:00:00Z,42.000000,42.107500,38.000000,38.397500,15825264
2022-04-06T00:00:00Z,37.752500,39.821825,37.425000,39.160000,16267832
2022-04-07T00:00:00Z,38.527500,39.175000,35.392500,37.500000,15311388
2022-04-08T00:00:00Z,37.272500,37.677650,35.507500,36.547500,10371516
2022-04-11T00:00:00Z,35.760000,37.055000,35.152500,36.732500,9811916
2022-04-12T00:00:00Z,36.625000,38.062500,35.416250,36.217500,7996544
2022-04-13T00:00:00Z,36.025000,38.032500,35.505000,37.675000,8032900
2022-04-14T00:00:00Z,37.317500,39.125000,36.805000,37.692500,10002332
2022-04-18T00:00:00Z,37.500000,37.810000,34.310000,35.365000,9871124
2022-04-19T00:00:00Z,35.712500,38.245000,34.964875,38.117500,9416676
2022-04-20T00:00:00Z,38.000000,38.082500,36.662500,37.212500,4648012
2022-04-21T00:00:00Z,37.500000,38.280000,34.977500,35.390000,6737468
2022-04-22T00:00:00Z,35.637500,36.575000,33.887500,34.555000,6278432
2022-04-25T00:00:00Z,33.852500,34.927500,33.321025,33.987500,6139116
2022-04-26T00:00:00Z,33.910000,34.200000,31.540925,31.900000,6182896
2022-04-27T00:00:00Z,31.817500,33.170000,31.146000,32.460000,5223496
2022-04-28T00:00:00Z,32.570000,33.150850,30.125000,32.327500,7084892
2022-04-29T00:00:00Z,31.825000,32.722500,30.752500,31.267500,5143420
2022-05-02T00:00:00Z,30.912500,31.347500,28.175000,29.892500,10171944
2022-05-03T00:00:00Z,29.620000,31.108400,28.605000,30.107500,7312684
2022-05-04T00:00:00Z,29.802500,31.937500,28.930000,31.770000,6651292
2022-05-05T00:00:00Z,30.985000,31.169600,28.780000,29.782500,7015448
2022-05-06T00:00:00Z,29.320000,30.140000,27.557500,28.675000,7161632
2022-05-09T00:00:00Z,27.695000,27.695000,24.520000,24.697500,13264936
2022-05-10T00:00:00Z,25.745000,26.515000,22.000000,23.375000,16603212
2022-05-11T00:00:00Z,23.367500,23.817500,20.000000,20.332500,16681372
2022-05-12T00:00:00Z,20.760000,27.015000,19.442500,22.392500,40139760
2022-05-13T00:00:00Z,24.750000,26.693925,23.760000,24.597500,23930864
2022-05-16T00:00:00Z,24.700000,24.793750,22.695000,22.950000,11582124
2022-05-17T00:00:00Z,23.475000,25.095000,22.800000,25.095000,10444948
2022-05-18T00:00:00Z,24.095000,24.959975,22.542750,22.870000,11560128
2022-05-19T00:00:00Z,22.805000,25.494500,22.540000,24.797500,12720540
2022-05-20T00:00:00Z,24.952500,25.602500,22.437500,23.915000,9972096
2022-05-23T00:00:00Z,24.142500,24.320000,22.875000,24.032500,6993924
2022-05-24T00:00:00Z,23.512500,23.550000,21.675000,22.287500,8879480
2022-05-25T00:00:00Z,22.535000,28.868350,22.535000,28.792500,40060004
2022-05-26T00:00:00Z,29.000000,37.115000,28.675000,32.115000,57892320
2022-05-27T00:00:00Z,35.250000,35.925000,31.750000,34.302500,30045076
2022-05-31T00:00:00Z,34.302500,34.982500,30.130000,31.185000,19084328
2022-06-01T00:00:00Z,30.705000,32.397500,29.252500,30.350000,14991732
2022-06-02T00:00:00Z,29.750000,34.125000,28.890000,33.500000,27918764
2022-06-03T00:00:00Z,32.500000,34.525000,31.058350,33.425000,18234452
2022-06-06T00:00:00Z,33.825000,34.026250,31.762500,32.025000,9532920
2022-06-07T00:00:00Z,32.500000,37.472500,31.581250,36.625000,24967468
2022-06-08T00:00:00Z,35.347500,38.250000,33.957475,34.682500,24473520
2022-06-09T00:00:00Z,34.697500,34.975000,31.835000,32.245000,13135252
2022-06-10T00:00:00Z,31.500000,32.982500,30.785000,32.272500,11830196
2022-06-13T00:00:00Z,30.127500,31.142500,28.575000,29.562500,13792816
2022-06-14T00:00:00Z,29.392500,31.999575,29.025000,31.542500,12739140
2022-06-15T00:00:00Z,31.237500,32.990000,30.910000,32.322500,10764284
2022-06-16T00:00:00Z,31.235000,32.322500,30.145225,31.432500,9995056
2022-06-17T00:00:00Z,31.715000,33.964525,31.579100,33.785000,12340908
2022-06-21T00:00:00Z,34.555000,36.350000,33.880000,35.070000,12512268
2022-06-22T00:00:00Z,34.667500,36.182350,34.107500,34.615000,7846916
2022-06-23T00:00:00Z,35.410000,35.997500,34.182500,35.505000,6682900
2022-06-24T00:00:00Z,35.750000,37.092475,32.882500,33.802500,16995764
2022-06-27T00:00:00Z,34.117500,34.263725,31.825000,32.422500,9745448
2022-06-28T00:00:00Z,32.752500,32.832500,30.570000,31.095000,6621596
2022-06-29T00:00:00Z,30.387500,31.622500,29.897500,30.715000,6826496
2022-06-30T00:00:00Z,29.842500,31.647500,29.440600,30.575000,6718672
2022-07-01T00:00:00Z,30.282500,31.292650,29.822500,30.855000,6617116
2022-07-05T00:00:00Z,30.375000,30.619900,29.752500,30.057500,6045760
2022-07-06T00:00:00Z,30.172500,30.570000,28.343550,29.357500,9988996
2022-07-07T00:00:00Z,31.122500,33.875000,30.452500,33.780000,30313564
2022-07-08T00:00:00Z,31.665000,33.167475,30.627500,32.135000,13199444
2022-07-11T00:00:00Z,32.140000,32.935000,31.162750,32.522500,7558344
2022-07-12T00:00:00Z,32.700000,35.647475,31.815000,34.280000,16899680
2022-07-13T00:00:00Z,33.750000,36.337475,33.750000,35.320000,13703788
2022-07-14T00:00:00Z,34.797500,37.987500,34.050000,34.050000,20970208
2022-07-15T00:00:00Z,34.860000,35.592500,33.507525,35.410000,9832472
2022-07-18T00:00:00Z,36.250000,37.400000,35.774050,36.660000,11155132
2022-07-19T00:00:00Z,37.435000,39.210000,36.587750,37.925000,12827820
2022-07-20T00:00:00Z,38.500000,40.407500,38.350000,39.687500,11400292
2022-07-21T00:00:00Z,39.930000,40.000000,37.289900,38.367500,9277796
2022-07-22T00:00:00Z,36.880000,38.700000,34.930000,35.780000,10060249
2022-07-25T00:00:00Z,35.000000,35.510000,33.250000,33.980000,5686259
2022-07-26T00:00:00Z,32.870000,33.309800,32.100000,32.430000,4866070
2022-07-27T00:00:00Z,32.960000,34.120000,32.160000,33.780000,4251215
2022-07-28T00:00:00Z,33.390000,34.430000,32.660000,33.840000,3207363
2022-07-29T00:00:00Z,33.680000,34.790000,33.060000,34.010000,3988750
2022-08-01T00:00:00Z,33.800000,35.710000,33.770000,34.780000,4196630
2022-08-02T00:00:00Z,35.900000,36.800000,35.120000,35.840000,4697134
2022-08-03T00:00:00Z,36.220000,38.010000,36.000000,37.930000,5186482
2022-08-04T00:00:00Z,38.340000,39.890000,37.890000,38.360000,5421500
2022-08-05T00:00:00Z,37.370000,40.430000,36.560000,40.020000,8124235
2022-08-08T00:00:00Z,41.290000,47.990000,40.750000,43.450000,18045598
2022-08-09T00:00:00Z,42.140000,43.189400,39.000000,40.370000,6954188
2022-08-10T00:00:00Z,42.000000,42.000000,38.630700,40.530000,5434675
2022-08-11T00:00:00Z,40.910000,41.970000,39.350000,39.450000,5140480
2022-08-12T00:00:00Z,40.000000,41.430000,39.150300,40.740000,5120040
2022-08-15T00:00:00Z,39.750000,40.390000,38.806100,39.680000,5243088
2022-08-16T00:00:00Z,39.170000,45.530000,38.600000,42.190000,23602780
2022-08-17T00:00:00Z,42.175000,44.360000,40.410000,40.520000,9766448
2022-08-18T00:00:00Z,39.270000,40.070000,37.340000,37.930000,8145446
2022-08-19T00:00:00Z,35.180000,37.190000,34.670000,36.490000,9551861
2022-08-22T00:00:00Z,34.310000,36.200000,34.200000,34.500000,5798630
2022-08-23T00:00:00Z,34.700000,34.990000,33.451200,33.530000,4836309
2022-08-24T00:00:00Z,34.000000,34.935000,32.440000,32.500000,5620333
2022-08-25T00:00:00Z,32.840000,32.890000,31.501400,31.960000,4726286
2022-08-26T00:00:00Z,31.500000,32.380000,30.630000,30.940000,4297295
2022-08-29T00:00:00Z,30.480000,32.749900,30.380000,31.550000,4292686
2022-08-30T00:00:00Z,31.620000,31.871300,29.420000,29.840000,5060206
2022-08-31T00:00:00Z,29.250000,29.960000,28.260000,28.640000,5157027
2022-09-01T00:00:00Z,28.000000,28.910000,26.950000,27.630000,5293858
2022-09-02T00:00:00Z,28.260000,28.740000,26.930000,27.360000,4680123
2022-09-06T00:00:00Z,25.750000,26.720000,24.665800,25.140000,7010190
2022-09-07T00:00:00Z,24.730000,25.190000,23.420000,24.040000,12504683
2022-09-08T00:00:00Z,25.000000,26.740000,24.070000,25.830000,14142214
2022-09-09T00:00:00Z,26.300000,29.080000,26.100000,28.920000,7916490
2022-09-12T00:00:00Z,29.030000,30.339900,28.000000,29.240000,6175210
2022-09-13T00:00:00Z,27.400000,28.610000,27.320400,27.850000,3657164
2022-09-14T00:00:00Z,27.560000,28.450000,26.650000,28.130000,3605752
2022-09-15T00:00:00Z,27.860000,29.073400,27.860000,28.610000,3329490
2022-09-16T00:00:00Z,28.330000,28.800000,27.780700,28.640000,4656038
2022-09-19T00:00:00Z,28.335000,29.645900,28.150000,28.960000,3403984
2022-09-20T00:00:00Z,29.280000,29.330000,27.175000,27.540000,3145901
2022-09-21T00:00:00Z,27.450000,28.990000,26.770000,26.860000,3859156
2022-09-22T00:00:00Z,27.170000,27.273200,24.380000,24.700000,4346547
2022-09-23T00:00:00Z,24.150000,25.149900,24.060000,25.040000,3622430
2022-09-26T00:00:00Z,24.660000,25.870000,24.120000,24.480000,3440279
2022-09-27T00:00:00Z,25.470000,26.390000,25.130000,26.130000,4487179
2022-09-28T00:00:00Z,25.890000,27.500000,25.620000,27.310000,2630051
2022-09-29T00:00:00Z,27.080000,27.690000,24.690000,25.460000,4118215
2022-09-30T00:00:00Z,25.030000,25.820000,24.440000,25.130000,3148331
2022-10-03T00:00:00Z,25.140000,25.630000,24.210000,25.380000,2653852
2022-10-04T00:00:00Z,25.950000,27.825000,25.950000,27.600000,4581855
2022-10-05T00:00:00Z,26.770000,26.980000,25.430000,26.390000,2986448
2022-10-06T00:00:00Z,26.290000,26.999000,25.800000,25.990000,2418721
2022-10-07T00:00:00Z,25.840000,25.840000,24.420000,25.350000,3270565
2022-10-10T00:00:00Z,25.370000,26.500000,24.750000,25.000000,2917594
2022-10-11T00:00:00Z,24.870000,26.300000,23.950100,25.270000,4195897
2022-10-12T00:00:00Z,25.960000,26.890000,25.270000,25.360000,3284353
2022-10-13T00:00:00Z,24.420000,26.590000,23.910000,25.560000,3516164
2022-10-14T00:00:00Z,25.770000,26.370000,24.630000,24.630000,2778436
2022-10-17T00:00:00Z,25.370000,26.410000,25.240000,25.960000,3172241
2022-10-18T00:00:00Z,27.100000,27.740000,26.130000,26.670000,4402577
2022-10-19T00:00:00Z,26.000000,26.180000,24.270000,24.540000,5318442
2022-10-20T00:00:00Z,24.650000,25.449000,24.070000,24.410000,5148627
2022-10-21T00:00:00Z,24.150000,25.330000,24.100000,25.300000,3036299
2022-10-24T00:00:00Z,25.000000,25.190000,24.110000,24.710000,3114308
2022-10-25T00:00:00Z,24.815000,27.790000,24.800000,26.870000,7791571
2022-10-26T00:00:00Z,26.370000,27.480000,25.320000,25.420000,3866779
2022-10-27T00:00:00Z,25.750000,26.330000,25.200000,25.930000,2422933
2022-10-28T00:00:00Z,26.880000,28.790000,26.420000,28.170000,8089647
2022-10-31T00:00:00Z,31.220000,34.990000,27.910000,28.310000,24027607
2022-11-01T00:00:00Z,29.400000,29.690000,27.620000,28.390000,5147499
2022-11-02T00:00:00Z,27.900000,28.750000,26.500000,26.620000,4143900
2022-11-03T00:00:00Z,26.000000,27.285000,26.000000,26.290000,3384428
2022-11-04T00:00:00Z,26.600000,27.030000,25.340000,26.510000,4137984
2022-11-07T00:00:00Z,26.250000,26.300000,24.800000,25.760000,3303627
2022-11-08T00:00:00Z,25.330000,25.850000,24.110000,25.140000,4695117
2022-11-09T00:00:00Z,24.550000,24.670000,21.890000,23.110000,8464777
2022-11-10T00:00:00Z,24.620000,25.696900,23.910000,24.880000,6106952
2022-11-11T00:00:00Z,24.780000,26.120000,24.150000,26.100000,3986182
2022-11-14T00:00:00Z,26.300000,27.380000,25.610000,26.050000,4350537
2022-11-15T00:00:00Z,26.590000,28.240000,26.270000,27.590000,5391975
2022-11-16T00:00:00Z,26.620000,27.350000,26.370000,27.140000,2452335
2022-11-17T00:00:00Z,26.300000,27.760000,26.150000,27.760000,2477693
2022-11-18T00:00:00Z,28.160000,28.699900,26.830000,27.600000,3087420
2022-11-21T00:00:00Z,26.660000,27.830000,24.855000,25.160000,4443252
2022-11-22T00:00:00Z,25.130000,26.450000,24.700000,26.300000,4240402
2022-11-23T00:00:00Z,25.920000,27.140000,25.920000,26.700000,2737491
2022-11-25T00:00:00Z,26.500000,27.050000,26.140000,26.170000,1122700
2022-11-28T00:00:00Z,25.790000,26.440000,25.210100,25.290000,2453744
2022-11-29T00:00:00Z,25.580000,26.350000,25.320000,25.600000,2029480
2022-11-30T00:00:00Z,25.900000,26.230000,24.910000,26.210000,3731072
2022-12-01T00:00:00Z,26.000000,27.500000,25.180000,26.600000,7615154
2022-12-02T00:00:00Z,26.250000,27.870000,26.110000,27.520000,4577177
2022-12-05T00:00:00Z,27.310000,27.480000,25.440000,25.560000,4973747
2022-12-06T00:00:00Z,25.410000,25.576100,23.110000,23.390000,7699321
2022-12-07T00:00:00Z,23.400000,23.610000,21.970000,22.260000,10078219
2022-12-08T00:00:00Z,22.000000,25.000000,21.970000,24.790000,10252000
2022-12-09T00:00:00Z,24.590000,24.590000,22.590000,22.630000,5326676
2022-12-12T00:00:00Z,22.660000,23.150000,22.180000,22.670000,3750805
2022-12-13T00:00:00Z,23.550000,23.700000,20.825000,21.000000,6305646
2022-12-14T00:00:00Z,21.190000,22.000000,21.010000,21.050000,4604808
2022-12-15T00:00:00Z,20.740000,21.440000,20.240000,20.580000,6444512
2022-12-16T00:00:00Z,20.480000,21.115000,20.010000,20.800000,9379717
2022-12-19T00:00:00Z,20.550000,20.890000,19.592500,19.920000,3700556
2022-12-20T00:00:00Z,19.860000,21.320000,19.623800,20.260000,4478987
2022-12-21T00:00:00Z,20.400000,20.900000,20.180000,20.560000,2793559
2022-12-22T00:00:00Z,20.500000,20.500000,18.500000,19.810000,5343087
2022-12-23T00:00:00Z,20.000000,20.630000,19.650000,20.080000,3174827
2022-12-27T00:00:00Z,19.910000,19.990000,18.000000,18.200000,4233045
2022-12-28T00:00:00Z,18.290000,18.700000,16.980000,17.920000,5671992
2022-12-29T00:00:00Z,18.120000,18.570000,17.750000,18.330000,3442757
2022-12-30T00:00:00Z,17.950000,18.575000,17.900000,18.460000,2669548
2023-01-03T00:00:00Z,18.640000,19.260000,17.091000,17.200000,5135191
2023-01-04T00:00:00Z,17.250000,17.930000,16.900000,17.320000,3939325
2023-01-05T00:00:00Z,17.060000,17.260000,15.890000,16.220000,6066158
2023-01-06T00:00:00Z,16.000000,16.570000,15.410000,16.460000,4823357
2023-01-09T00:00:00Z,16.650000,17.130000,16.360000,16.380000,3522596
2023-01-10T00:00:00Z,16.300000,18.090000,16.250000,17.770000,4402799
2023-01-11T00:00:00Z,18.190000,20.050000,17.860000,19.040000,8405821
2023-01-12T00:00:00Z,19.040000,20.630000,18.340000,20.630000,5877276
2023-01-13T00:00:00Z,19.880000,21.110000,19.800000,20.490000,5494405
2023-01-17T00:00:00Z,20.490000,21.940000,20.370000,21.800000,5407905
2023-01-18T00:00:00Z,22.010000,22.150000,20.500000,20.790000,5632161
2023-01-19T00:00:00Z,20.440000,20.450000,18.820000,19.040000,4519163
2023-01-20T00:00:00Z,19.050000,20.069900,18.900000,19.610000,3564322
2023-01-23T00:00:00Z,19.500000,22.490000,19.370000,21.660000,7181508
2023-01-24T00:00:00Z,21.300000,22.090000,21.000000,21.400000,2381588
2023-01-25T00:00:00Z,20.590000,20.840000,19.530000,20.230000,3515791
2023-01-26T00:00:00Z,20.610000,21.168500,19.380000,20.010000,3519973
2023-01-27T00:00:00Z,19.800000,23.310000,19.410000,22.820000,11897247
2023-01-30T00:00:00Z,22.500000,23.480000,21.130000,21.250000,4950563
2023-01-31T00:00:00Z,21.410000,22.050000,21.300000,21.870000,3128376
2023-02-01T00:00:00Z,21.490000,22.120000,20.550000,21.830000,4517191
2023-02-02T00:00:00Z,22.440000,24.400000,22.220000,22.700000,7655658
2023-02-03T00:00:00Z,22.010000,23.926100,21.800000,22.250000,4935949
2023-02-06T00:00:00Z,21.880000,24.880000,21.770200,23.860000,8708367
2023-02-07T00:00:00Z,23.000000,23.050000,20.500000,21.220000,9093668
2023-02-08T00:00:00Z,21.430000,21.550000,20.610000,21.100000,2846425
2023-02-09T00:00:00Z,21.250000,21.645000,19.670000,19.670000,4497399
2023-02-10T00:00:00Z,19.560000,20.039900,19.050000,19.270000,2902678
2023-02-13T00:00:00Z,19.300000,19.940000,19.010000,19.690000,2299304
2023-02-14T00:00:00Z,19.310000,20.010000,19.100000,19.870000,2746308
2023-02-15T00:00:00Z,19.800000,21.800000,19.590000,21.800000,7147319
2023-02-16T00:00:00Z,21.250000,22.420000,20.850000,21.600000,3879046
2023-02-17T00:00:00Z,21.270000,22.069900,21.150000,21.990000,2850979
2023-02-21T00:00:00Z,21.330000,21.830000,20.625000,20.660000,3100309
2023-02-22T00:00:00Z,20.530000,21.186400,20.333100,20.520000,2164879
2023-02-23T00:00:00Z,20.660000,20.870000,19.530000,20.140000,2862036
2023-02-24T00:00:00Z,19.710000,20.080000,19.540000,19.540000,2277573
2023-02-27T00:00:00Z,19.610000,19.700000,18.890000,19.100000,4006677
2023-02-28T00:00:00Z,19.060000,19.520000,18.950000,19.230000,3373826
2023-03-01T00:00:00Z,18.920000,19.090000,18.140000,18.150000,4210100
2023-03-02T00:00:00Z,18.150000,18.400000,17.620000,18.190000,2627304
2023-03-03T00:00:00Z,18.190000,19.100000,18.100000,18.700000,2505515
2023-03-06T00:00:00Z,18.520000,19.500000,18.520000,18.650000,2815336
2023-03-07T00:00:00Z,18.540000,18.835000,18.060000,18.060000,2375301
2023-03-08T00:00:00Z,18.050000,18.380000,17.630100,18.170000,3277810
2023-03-09T00:00:00Z,18.065000,18.380000,17.475000,17.520000,2652605
2023-03-10T00:00:00Z,17.530000,17.765700,16.850000,17.250000,2845500
2023-03-13T00:00:00Z,16.770000,17.353100,16.520000,16.750000,2959090
2023-03-14T00:00:00Z,17.370000,17.409900,16.402000,16.910000,3064826
2023-03-15T00:00:00Z,16.500000,16.690000,15.695000,15.950000,4541529
2023-03-16T00:00:00Z,16.000000,16.768900,15.530000,16.760000,4093282
2023-03-17T00:00:00Z,16.620000,16.720000,15.919300,16.600000,5105501
2023-03-20T00:00:00Z,16.650000,17.270000,16.250000,16.870000,4463676
2023-03-21T00:00:00Z,17.150000,18.350000,17.140000,17.650000,15882854
2023-03-22T00:00:00Z,26.600000,27.000000,23.050000,23.870000,66764650
2023-03-23T00:00:00Z,22.570000,24.590000,22.130000,22.580000,11168854
2023-03-24T00:00:00Z,22.320000,23.990000,22.100000,23.980000,8768674
2023-03-27T00:00:00Z,23.990000,24.010000,22.690000,23.000000,4580797
2023-03-28T00:00:00Z,22.970000,23.540000,22.220000,23.150000,5711651
2023-03-29T00:00:00Z,23.080000,23.696500,22.220000,22.460000,4161361
2023-03-30T00:00:00Z,22.600000,22.830000,22.107600,22.500000,3477609
2023-03-31T00:00:00Z,22.350000,23.065000,22.150000,23.020000,3880261
2023-04-03T00:00:00Z,22.940000,23.850000,22.660000,23.170000,4274492
2023-04-04T00:00:00Z,22.750000,23.140000,22.090100,22.350000,3421464
2023-04-05T00:00:00Z,22.470000,22.470000,21.230000,22.070000,3638100
2023-04-06T00:00:00Z,22.000000,22.670000,21.770000,22.400000,2506935
2023-04-10T00:00:00Z,21.850000,22.429900,21.820000,22.370000,2176087
2023-04-11T00:00:00Z,22.570000,23.165000,22.420000,22.690000,2539969
2023-04-12T00:00:00Z,22.900000,23.280000,22.260000,22.260000,2141141
2023-04-13T00:00:00Z,22.500000,22.850000,22.330000,22.550000,1803934
2023-04-14T00:00:00Z,22.740000,23.250000,22.320000,22.460000,2312372
2023-04-17T00:00:00Z,22.270000,22.680000,22.140000,22.280000,2066616
2023-04-18T00:00:00Z,22.140000,22.320000,21.500000,21.610000,2748702
2023-04-19T00:00:00Z,21.280000,21.870000,20.960200,21.310000,2539480
2023-04-20T00:00:00Z,20.880000,21.570000,20.060000,20.220000,2977376
2023-04-21T00:00:00Z,20.200000,20.620000,20.100000,20.490000,2085872
2023-04-24T00:00:00Z,20.150000,20.410000,19.810000,19.930000,2742391
2023-04-25T00:00:00Z,19.740000,20.040000,18.910000,19.000000,2560841
2023-04-26T00:00:00Z,18.980000,19.230000,18.650000,18.650000,2287611
2023-04-27T00:00:00Z,18.750000,19.337600,18.720000,18.940000,2238947
2023-04-28T00:00:00Z,18.920000,19.720000,18.880000,19.290000,2836576
2023-05-01T00:00:00Z,19.160000,19.250000,18.460000,18.550000,2356640
2023-05-02T00:00:00Z,18.450000,18.580000,18.060000,18.580000,1918257
2023-05-03T00:00:00Z,18.560000,19.200000,18.530000,18.900000,3184021
2023-05-04T00:00:00Z,19.250000,19.480000,18.918300,19.350000,2041842
2023-05-05T00:00:00Z,19.620000,20.879300,19.510000,20.420000,4357180
2023-05-08T00:00:00Z,20.460000,20.990000,20.090400,20.510000,2402799
2023-05-09T00:00:00Z,20.160000,20.650000,20.120400,20.240000,1522674
2023-05-10T00:00:00Z,20.450000,20.960000,20.380000,20.760000,2139945
2023-05-11T00:00:00Z,20.690000,21.160000,20.510000,20.880000,1652512
2023-05-12T00:00:00Z,20.830000,20.980000,20.230000,20.690000,2006061
2023-05-15T00:00:00Z,20.620000,21.633100,20.490000,21.620000,2601994
2023-05-16T00:00:00Z,21.500000,22.100000,21.415000,21.990000,2500775
2023-05-17T00:00:00Z,21.990000,23.250000,21.895000,22.870000,4572988
2023-05-18T00:00:00Z,22.900000,23.300000,22.680000,23.050000,2144412
2023-05-19T00:00:00Z,22.940000,22.985000,21.750000,22.060000,2668214
2023-05-22T00:00:00Z,22.100000,24.360000,21.990000,24.210000,6251635
2023-05-23T00:00:00Z,23.890000,23.900000,22.800300,23.160000,3786525
2023-05-24T00:00:00Z,23.130000,23.520000,22.733800,23.270000,1900997
2023-05-25T00:00:00Z,23.500000,23.685100,22.710000,23.350000,2494434
2023-05-26T00:00:00Z,23.470000,23.710000,23.060000,23.250000,2261884
2023-05-30T00:00:00Z,23.350000,24.690000,23.300000,24.570000,5037830
2023-05-31T00:00:00Z,24.510000,24.800000,23.880000,24.050000,4265226
2023-06-01T00:00:00Z,24.040000,24.660000,23.780000,24.100000,3844957
2023-06-02T00:00:00Z,24.290000,24.930000,24.280000,24.640000,3300736
2023-06-05T00:00:00Z,24.530000,25.840000,24.160000,24.310000,4201866
2023-06-06T00:00:00Z,24.640000,25.247400,24.000000,24.690000,3984262
2023-06-07T00:00:00Z,26.200000,26.550000,25.070000,26.110000,18001073
2023-06-08T00:00:00Z,20.300000,22.000000,20.100000,21.440000,19213304
2023-06-09T00:00:00Z,21.780000,23.429600,21.500000,22.680000,10342633
2023-06-12T00:00:00Z,22.845000,24.300000,22.741500,24.300000,7142290
2023-06-13T00:00:00Z,26.200000,27.650000,25.030000,26.950000,17160607
2023-06-14T00:00:00Z,26.720000,27.080000,24.900000,25.700000,7243697
2023-06-15T00:00:00Z,25.410000,26.169600,24.642000,24.840000,5501822
2023-06-16T00:00:00Z,25.020000,25.110000,24.420000,24.560000,4443512
2023-06-20T00:00:00Z,24.410000,24.650000,23.720000,24.580000,3254039
2023-06-21T00:00:00Z,24.840000,25.100000,24.100000,24.430000,2404694
2023-06-22T00:00:00Z,24.125000,24.330000,23.760000,24.320000,1895012
2023-06-23T00:00:00Z,23.780000,24.150000,23.680000,23.700000,2261038
2023-06-26T00:00:00Z,23.380000,24.030000,22.910000,23.020000,2525247
2023-06-27T00:00:00Z,23.290000,23.600000,23.000000,23.580000,2141510
2023-06-28T00:00:00Z,23.440000,25.100000,23.400000,24.980000,3493873
2023-06-29T00:00:00Z,24.960000,25.470000,24.620000,24.900000,3101049
2023-06-30T00:00:00Z,24.970000,25.130000,24.250000,24.250000,2803299
2023-07-03T00:00:00Z,24.290000,25.110000,24.210000,24.910000,1806580
2023-07-05T00:00:00Z,24.640000,24.850000,23.790000,23.900000,2268244
2023-07-06T00:00:00Z,23.520000,23.570000,22.820000,22.830000,2390303
2023-07-07T00:00:00Z,22.970000,23.530000,22.670900,22.710000,2447203
2023-07-10T00:00:00Z,22.610000,23.560000,22.000000,23.540000,3318214
2023-07-11T00:00:00Z,23.200000,24.440000,23.200000,23.910000,3063534
2023-07-12T00:00:00Z,24.250000,24.310000,23.440000,23.440000,1742244
2023-07-13T00:00:00Z,23.540000,23.980000,23.420000,23.460000,1912157
2023-07-14T00:00:00Z,23.490000,23.718400,22.940000,22.970000,2178827
2023-07-17T00:00:00Z,22.880000,23.310000,22.700000,22.820000,2033970
2023-07-18T00:00:00Z,22.720000,23.800000,22.680000,23.080000,2345137
2023-07-19T00:00:00Z,23.420000,23.580000,22.960000,23.170000,2250133
2023-07-20T00:00:00Z,23.010000,23.220000,22.660000,22.910000,2256659
2023-07-21T00:00:00Z,23.050000,23.220000,22.160000,22.180000,3167916
2023-07-24T00:00:00Z,22.420000,23.040000,22.200000,23.040000,2970433
2023-07-25T00:00:00Z,23.100000,23.100000,22.530000,22.850000,1671991
2023-07-26T00:00:00Z,22.700000,22.990000,22.480000,22.700000,1489152
2023-07-27T00:00:00Z,22.940000,23.490000,22.130200,22.220000,3370913
2023-07-28T00:00:00Z,22.020000,22.490000,21.790000,21.930000,2647747
2023-07-31T00:00:00Z,22.000000,22.380000,21.849300,22.200000,1975391
2023-08-01T00:00:00Z,21.950000,22.000000,21.260000,21.500000,2574804
2023-08-02T00:00:00Z,21.150000,21.150000,20.340000,20.830000,2630714
2023-08-03T00:00:00Z,20.880000,21.180000,20.740000,20.930000,1324938
2023-08-04T00:00:00Z,20.950000,21.890000,20.890000,20.980000,2406033
2023-08-07T00:00:00Z,20.900000,21.240000,20.480000,21.070000,1441290
2023-08-08T00:00:00Z,20.700000,20.895000,20.280000,20.740000,1431250
2023-08-09T00:00:00Z,20.850000,20.850000,19.820000,19.930000,2929553
2023-08-10T00:00:00Z,20.000000,20.290000,19.870000,20.190000,1432446
2023-08-11T00:00:00Z,20.030000,20.380000,19.970000,20.190000,1522912
2023-08-14T00:00:00Z,19.750000,20.010000,19.080000,19.960000,3329291
2023-08-15T00:00:00Z,19.770000,19.780000,19.090000,19.330000,2290326
2023-08-16T00:00:00Z,19.180000,19.340000,18.550000,18.590000,3015627
2023-08-17T00:00:00Z,18.790000,18.810000,18.300000,18.380000,2056830
2023-08-18T00:00:00Z,18.180000,18.660000,18.140000,18.360000,2029098
2023-08-21T00:00:00Z,18.300000,18.822500,18.200000,18.480000,2864735
2023-08-22T00:00:00Z,18.620000,18.620000,17.250000,17.260000,3791911
2023-08-23T00:00:00Z,17.250000,17.340000,16.880000,16.890000,2909054
2023-08-24T00:00:00Z,16.940000,16.980000,16.180000,16.360000,3624485
2023-08-25T00:00:00Z,16.500000,17.180000,16.450000,17.130000,3423462
2023-08-28T00:00:00Z,17.350000,18.110000,17.250000,17.570000,3007418
2023-08-29T00:00:00Z,17.600000,18.550000,17.600000,18.240000,2709238
2023-08-30T00:00:00Z,18.200000,18.525000,17.910000,18.370000,1884501
2023-08-31T00:00:00Z,18.410000,19.420000,18.150000,18.550000,4674143
2023-09-01T00:00:00Z,18.660000,18.730000,18.320000,18.420000,2135901
2023-09-05T00:00:00Z,18.450000,19.339900,18.260000,19.230000,3781292
2023-09-06T00:00:00Z,19.060000,19.150000,18.420000,18.750000,6107245
2023-09-07T00:00:00Z,19.130000,19.480000,17.610000,18.890000,5021288
2023-09-08T00:00:00Z,18.150000,18.500000,17.350000,17.710000,4694034
2023-09-11T00:00:00Z,17.850000,17.850000,16.900000,17.020000,3543797
2023-09-12T00:00:00Z,17.530000,18.500000,17.190000,17.230000,5179405
2023-09-13T00:00:00Z,17.310000,17.930000,17.270000,17.810000,3012556
2023-09-14T00:00:00Z,17.800000,18.520000,17.600000,18.330000,3077962
2023-09-15T00:00:00Z,18.360000,18.610000,18.150000,18.220000,6166608
2023-09-18T00:00:00Z,17.990000,18.100000,17.350000,17.550000,3694591
2023-09-19T00:00:00Z,17.590000,17.635000,17.130000,17.520000,2584791
2023-09-20T00:00:00Z,17.630000,17.930000,17.450000,17.520000,2134121
2023-09-21T00:00:00Z,17.280000,17.315000,16.650000,17.020000,2913533
2023-09-22T00:00:00Z,17.180000,17.350000,17.000000,17.180000,2102886
2023-09-25T00:00:00Z,17.000000,17.720000,16.850000,17.670000,2181230
2023-09-26T00:00:00Z,17.380000,17.817500,16.780000,16.780000,2726813
2023-09-27T00:00:00Z,16.870000,17.260000,16.810000,17.150000,1681325
2023-09-28T00:00:00Z,18.020000,18.100000,16.440000,16.840000,7431938
2023-09-29T00:00:00Z,17.050000,17.260000,16.400000,16.460000,3397024
2023-10-02T00:00:00Z,16.300000,16.310000,15.255000,15.390000,6087651
2023-10-03T00:00:00Z,15.290000,15.290000,14.568100,14.600000,4510325
2023-10-04T00:00:00Z,14.770000,14.940000,14.440000,14.870000,2586368
2023-10-05T00:00:00Z,14.700000,14.980000,14.580000,14.710000,1945094
2023-10-06T00:00:00Z,14.590000,15.255000,14.580000,15.080000,2467053
2023-10-09T00:00:00Z,14.770000,15.500000,14.720000,15.400000,2276323
2023-10-10T00:00:00Z,15.500000,16.190000,15.400000,16.000000,2915872
2023-10-11T00:00:00Z,16.010000,16.085000,15.740000,15.820000,2098203
2023-10-12T00:00:00Z,15.770000,15.800000,14.820000,15.090000,3180340
2023-10-13T00:00:00Z,14.920000,15.105000,14.780000,14.920000,1835601
2023-10-16T00:00:00Z,14.810000,14.930000,14.150000,14.430000,3508601
2023-10-17T00:00:00Z,14.250000,14.828000,14.100000,14.120000,3842428
2023-10-18T00:00:00Z,14.000000,14.250000,13.810100,13.850000,4045789
2023-10-19T00:00:00Z,13.800000,13.850000,12.900000,13.160000,5808038
2023-10-20T00:00:00Z,13.180000,13.800000,13.120000,13.440000,3661770
2023-10-23T00:00:00Z,13.280000,13.590000,13.040000,13.440000,2785462
2023-10-24T00:00:00Z,13.590000,14.300000,13.552000,14.040000,3738325
2023-10-25T00:00:00Z,14.010000,14.010000,13.605000,13.710000,1967280
2023-10-26T00:00:00Z,13.730000,13.800000,13.410000,13.500000,2036419
2023-10-27T00:00:00Z,13.510000,13.615000,13.020000,13.120000,2481701
2023-10-30T00:00:00Z,13.150000,13.270000,12.590000,12.800000,3475939
2023-10-31T00:00:00Z,12.850000,13.900000,12.820000,13.770000,4574637
2023-11-01T00:00:00Z,13.780000,13.800000,13.010000,13.010000,3430138
2023-11-02T00:00:00Z,13.370000,13.695000,13.275000,13.640000,3566585
2023-11-03T00:00:00Z,13.900000,14.400000,13.831400,13.870000,2966237
2023-11-06T00:00:00Z,13.990000,14.045000,13.485000,13.530000,2164399
2023-11-07T00:00:00Z,13.470000,13.790000,13.230000,13.640000,2354364
2023-11-08T00:00:00Z,13.510000,13.760000,13.280000,13.280000,1705621
2023-11-09T00:00:00Z,13.280000,13.322900,12.700000,12.700000,2750115
2023-11-10T00:00:00Z,12.810000,12.970000,12.350000,12.540000,3875692
2023-11-13T00:00:00Z,12.500000,12.530000,11.825000,12.140000,4318457
2023-11-14T00:00:00Z,12.750000,13.390000,12.690000,12.900000,5187534
2023-11-15T00:00:00Z,13.150000,13.500000,13.030000,13.270000,4121561
2023-11-16T00:00:00Z,13.140000,13.190000,12.520000,12.530000,3425773
2023-11-17T00:00:00Z,12.520000,13.055000,12.520000,13.030000,3422596
2023-11-20T00:00:00Z,13.000000,13.200000,12.800000,12.800000,2301584
2023-11-21T00:00:00Z,12.650000,12.720000,12.255000,12.550000,3710097
2023-11-22T00:00:00Z,12.560000,12.710000,12.190100,12.290000,2362461
2023-11-24T00:00:00Z,12.220000,12.410000,12.175000,12.200000,1232474
2023-11-27T00:00:00Z,12.180000,12.330000,11.890000,11.910000,3710572
2023-11-28T00:00:00Z,11.900000,13.550000,11.890000,13.490000,14192944
2023-11-29T00:00:00Z,15.490000,17.560000,14.700000,16.250000,61172837
2023-11-30T00:00:00Z,16.290000,16.330000,14.315000,14.550000,16537171
2023-12-01T00:00:00Z,14.520000,15.990000,14.500000,15.300000,13378653
2023-12-04T00:00:00Z,15.290000,17.410000,14.911900,16.980000,20098656
2023-12-05T00:00:00Z,16.470000,16.720000,14.870000,14.910000,14220059
2023-12-06T00:00:00Z,15.360000,15.700000,14.640000,14.840000,12691339
2023-12-07T00:00:00Z,13.710000,16.520000,13.560000,16.360000,19840668
2023-12-08T00:00:00Z,15.830000,16.480000,15.470000,15.550000,10401387
2023-12-11T00:00:00Z,15.450000,15.690000,14.975000,15.070000,4961223
2023-12-12T00:00:00Z,15.120000,15.360000,14.840000,15.220000,4210660
2023-12-13T00:00:00Z,15.220000,16.800000,15.190000,16.690000,9086880
2023-12-14T00:00:00Z,17.140000,17.875000,16.800000,17.440000,10750745
2023-12-15T00:00:00Z,17.400000,17.580000,17.010200,17.260000,7119134
2023-12-18T00:00:00Z,17.240000,18.510000,17.100000,17.860000,7352153
2023-12-19T00:00:00Z,17.890000,18.590000,17.230000,17.720000,5447123
2023-12-20T00:00:00Z,17.530000,18.379900,16.890000,16.930000,5552971
2023-12-21T00:00:00Z,17.190000,17.335200,16.591200,16.980000,3975273
2023-12-22T00:00:00Z,16.780000,17.200000,16.450000,16.970000,3329896
2023-12-26T00:00:00Z,16.980000,17.409900,16.820000,17.360000,3079617
2023-12-27T00:00:00Z,17.430000,18.370000,17.366900,18.370000,4800071
2023-12-28T00:00:00Z,18.050000,18.320100,17.850000,18.070000,3574783
2023-12-29T00:00:00Z,18.040000,18.160000,17.460000,17.530000,4536656
2024-01-02T00:00:00Z,17.250000,17.595000,16.580000,16.670000,4428020
2024-01-03T00:00:00Z,16.300000,16.825000,15.900100,16.690000,4193550
2024-01-04T00:00:00Z,16.510000,16.750000,16.310000,16.360000,2671512
2024-01-05T00:00:00Z,16.160000,16.519900,15.960000,15.960000,2619192
2024-01-08T00:00:00Z,15.780000,16.120000,15.700000,15.790000,3031109
2024-01-09T00:00:00Z,15.590000,15.620000,15.120100,15.160000,3105267
2024-01-10T00:00:00Z,15.120000,15.760000,14.970000,15.730000,3191714
2024-01-11T00:00:00Z,15.650000,15.800000,15.240000,15.250000,2992177
2024-01-12T00:00:00Z,15.300000,15.620000,14.730000,14.750000,2479772
2024-01-16T00:00:00Z,14.600000,14.620000,13.930000,13.980000,3581167
2024-01-17T00:00:00Z,13.860000,14.110000,13.710000,14.080000,2706197
2024-01-18T00:00:00Z,14.200000,14.765000,14.050000,14.290000,3906004
2024-01-19T00:00:00Z,14.360000,14.600000,14.085000,14.510000,2396197
2024-01-22T00:00:00Z,14.500000,15.161900,14.300000,14.900000,3606547
2024-01-23T00:00:00Z,15.000000,15.024700,14.050000,14.180000,3495270
2024-01-24T00:00:00Z,14.280000,14.380000,13.820000,13.950000,2513801
2024-01-25T00:00:00Z,13.970000,14.539900,13.920000,14.520000,3635866
2024-01-26T00:00:00Z,14.440000,14.720000,14.410000,14.490000,2288830
2024-01-29T00:00:00Z,14.500000,14.805000,14.315000,14.780000,2164235
2024-01-30T00:00:00Z,14.540000,14.820000,14.510000,14.550000,1652561
2024-01-31T00:00:00Z,14.400000,14.830000,14.220000,14.230000,2684680
2024-02-01T00:00:00Z,14.340000,14.420000,14.020000,14.420000,2220154
2024-02-02T00:00:00Z,14.150000,14.920000,14.080000,14.730000,2924462
2024-02-05T00:00:00Z,14.500000,14.610000,13.400000,13.460000,4361519
2024-02-06T00:00:00Z,13.600000,14.300000,13.430000,14.100000,3052466
2024-02-07T00:00:00Z,14.120000,14.300000,13.780500,14.070000,1947793
2024-02-08T00:00:00Z,14.010000,14.440000,13.890000,14.350000,1838274
2024-02-09T00:00:00Z,14.370000,15.230000,14.300000,14.660000,3575284
2024-02-12T00:00:00Z,14.580000,15.220000,14.530000,14.730000,2750144
2024-02-13T00:00:00Z,14.200000,14.399700,13.765000,14.170000,3788691
2024-02-14T00:00:00Z,14.330000,14.430000,14.050000,14.410000,2504419
2024-02-15T00:00:00Z,14.540000,14.750000,14.230000,14.510000,2400542
2024-02-16T00:00:00Z,14.460000,14.533400,14.100000,14.120000,2301927
2024-02-20T00:00:00Z,13.960000,14.047700,13.160000,13.490000,3784513
2024-02-21T00:00:00Z,13.460000,13.670000,13.230100,13.410000,1731270
2024-02-22T00:00:00Z,13.500000,13.650000,13.335000,13.360000,1817822
2024-02-23T00:00:00Z,13.300000,13.790000,13.120000,13.510000,2319731
2024-02-26T00:00:00Z,13.310000,13.745000,13.200000,13.680000,2278614
2024-02-27T00:00:00Z,13.700000,14.290100,13.680000,14.210000,2795509
2024-02-28T00:00:00Z,14.000000,14.470000,13.890000,14.240000,2440715
2024-02-29T00:00:00Z,14.340000,14.650000,14.030000,14.270000,2638703
2024-03-01T00:00:00Z,14.180000,15.090000,13.991000,14.950000,4899457
2024-03-04T00:00:00Z,14.930000,15.588500,14.830000,15.220000,4367601
2024-03-05T00:00:00Z,14.950000,15.280000,14.780000,15.000000,3152726
2024-03-06T00:00:00Z,15.220000,15.885000,14.940000,15.260000,3818096
2024-03-07T00:00:00Z,15.260000,15.510000,15.050000,15.260000,2111912
2024-03-08T00:00:00Z,15.400000,15.630000,14.515000,14.650000,3169763
2024-03-11T00:00:00Z,14.640000,14.940000,14.360000,14.430000,2111889
2024-03-12T00:00:00Z,14.350000,14.835000,14.090000,14.720000,2382616
2024-03-13T00:00:00Z,14.690000,15.200000,14.620000,14.870000,2898100
2024-03-14T00:00:00Z,14.800000,15.020000,14.400000,14.630000,2534219
2024-03-15T00:00:00Z,14.550000,14.830000,14.210000,14.240000,4480662
2024-03-18T00:00:00Z,14.250000,14.300000,13.900000,13.910000,3490830
2024-03-19T00:00:00Z,13.760000,13.894000,13.300000,13.410000,3894727
2024-03-20T00:00:00Z,13.470000,13.789700,13.210000,13.480000,3921267
2024-03-21T00:00:00Z,13.560000,14.020000,13.480000,13.660000,3382799
2024-03-22T00:00:00Z,13.760000,13.950000,13.010000,13.100000,4411634
2024-03-25T00:00:00Z,13.420000,15.147900,13.312100,15.120000,10416330
2024-03-26T00:00:00Z,15.150000,15.630000,14.750000,15.500000,17245815
2024-03-27T00:00:00Z,13.050000,13.720000,12.800000,13.170000,17871313
2024-03-28T00:00:00Z,13.190000,13.190000,12.470000,12.520000,8473465
2024-04-01T00:00:00Z,12.630000,12.670000,11.545000,11.990000,9207097
2024-04-02T00:00:00Z,11.840000,11.990000,11.260000,11.280000,6327692
2024-04-03T00:00:00Z,11.220000,11.500000,10.900000,11.380000,4331531
2024-04-04T00:00:00Z,11.500000,11.825000,11.379900,11.530000,4347040
2024-04-05T00:00:00Z,11.300000,11.500000,10.970000,11.250000,4759967
2024-04-08T00:00:00Z,11.300000,11.365000,10.830000,10.830000,3659142
2024-04-09T00:00:00Z,10.850000,11.175000,10.730000,11.010000,3514403
2024-04-10T00:00:00Z,10.900000,11.070000,10.750100,10.850000,3546218
2024-04-11T00:00:00Z,10.910000,11.390000,10.800000,11.290000,3802099
2024-04-12T00:00:00Z,11.210000,11.230000,10.760000,10.770000,3214436
2024-04-15T00:00:00Z,10.810000,10.840000,10.060000,10.060000,5086322
2024-04-16T00:00:00Z,10.000000,10.550000,9.950000,10.370000,4162126
2024-04-17T00:00:00Z,10.440000,10.590000,10.300000,10.300000,2096726
2024-04-18T00:00:00Z,10.320000,10.625000,10.270000,10.310000,2175390
2024-04-19T00:00:00Z,10.200000,10.495000,10.200000,10.420000,2462726
2024-04-22T00:00:00Z,10.410000,10.445000,10.010000,10.010000,3261000
2024-04-23T00:00:00Z,10.050000,10.280000,10.010000,10.160000,2511759
2024-04-24T00:00:00Z,10.160000,10.940000,10.160000,10.930000,4829577
2024-04-25T00:00:00Z,10.700000,11.210000,10.475000,11.210000,4903794
2024-04-26T00:00:00Z,11.180000,12.190000,11.000000,11.900000,7685106
2024-04-29T00:00:00Z,11.840000,11.960000,11.175000,11.290000,3835686
2024-04-30T00:00:00Z,11.180000,11.300000,10.910000,11.090000,2866509
2024-05-01T00:00:00Z,11.030000,11.320000,10.700000,10.910000,2659899
2024-05-02T00:00:00Z,11.110000,12.880000,10.960000,12.760000,8654774
2024-05-03T00:00:00Z,12.420000,17.450000,12.310000,16.515000,36292446
2024-05-06T00:00:00Z,14.990000,17.400000,13.620200,16.310000,48018669
2024-05-07T00:00:00Z,15.850000,17.290000,14.930000,16.310000,24308559
2024-05-08T00:00:00Z,16.050000,17.240000,15.330400,15.920000,24775091
2024-05-09T00:00:00Z,15.900000,18.510000,15.350000,18.010000,25759327
2024-05-10T00:00:00Z,17.930000,20.200000,16.880000,17.460000,36831948
2024-05-13T00:00:00Z,26.340000,38.200000,24.770000,30.450000,187241727
2024-05-14T00:00:00Z,64.830000,64.830000,36.000000,48.750000,206979143
2024-05-15T00:00:00Z,40.310000,42.350000,31.000000,39.550000,131790064
2024-05-16T00:00:00Z,33.980000,35.240000,27.590000,27.670000,76177575
2024-05-17T00:00:00Z,21.860000,22.410000,19.700000,22.215000,96079620
2024-05-20T00:00:00Z,21.540000,23.400000,18.940000,23.140000,55261637
2024-05-21T00:00:00Z,22.240000,22.850000,20.040100,22.120000,49250073
2024-05-22T00:00:00Z,21.560000,22.250000,20.760000,21.120000,43521390
2024-05-23T00:00:00Z,21.400000,21.400000,18.260000,18.320000,30561058
2024-05-24T00:00:00Z,18.420000,19.680000,17.700000,19.000000,43017089
2024-05-28T00:00:00Z,23.100000,26.660000,21.150000,23.780000,105077564
2024-05-29T00:00:00Z,22.000000,22.980000,21.050100,21.240000,26921157
2024-05-30T00:00:00Z,21.020000,22.700000,20.100000,22.610000,24508770
2024-05-31T00:00:00Z,22.580000,23.720000,21.680200,23.140000,22174274
2024-06-03T00:00:00Z,40.190000,40.500000,26.400000,28.000000,165808288
2024-06-04T00:00:00Z,26.260000,28.010000,25.200000,26.500000,51662126
2024-06-05T00:00:00Z,26.300000,31.840000,26.110000,31.570000,73156424
2024-06-06T00:00:00Z,31.570000,47.500000,31.280000,46.550000,206685844
2024-06-07T00:00:00Z,37.690000,48.000000,26.120000,28.220000,279054397
2024-06-10T00:00:00Z,28.970000,29.340000,23.060000,24.830000,131572406
2024-06-11T00:00:00Z,24.400000,30.920000,22.790000,30.490000,146914749
2024-06-12T00:00:00Z,29.170000,33.700000,24.830000,25.460000,147986688
2024-06-13T00:00:00Z,26.560000,29.580000,25.560000,29.120000,107306569
2024-06-14T00:00:00Z,29.230000,30.660000,27.410000,28.700000,82874430
2024-06-17T00:00:00Z,28.550000,29.180000,23.790000,25.220000,90351902
2024-06-18T00:00:00Z,24.580000,25.970000,23.610000,24.700000,38079233
2024-06-20T00:00:00Z,24.250000,25.930000,23.650000,25.590000,36029250
2024-06-21T00:00:00Z,25.240000,25.810000,23.510000,23.930000,28003995
2024-06-24T00:00:00Z,23.260000,24.830000,23.240000,23.650000,22162932
2024-06-25T00:00:00Z,23.600000,24.970000,22.550000,24.930000,27625607
2024-06-26T00:00:00Z,24.600000,25.380000,24.040000,24.200000,17903022
2024-06-27T00:00:00Z,24.100000,26.690000,24.060000,25.090000,34866993
2024-06-28T00:00:00Z,25.020000,26.170000,24.310000,24.690000,20212010
2024-07-01T00:00:00Z,23.350000,23.780000,22.310000,23.330000,30688982
2024-07-02T00:00:00Z,23.240000,24.319900,23.100000,23.980000,13703516
2024-07-03T00:00:00Z,24.030000,24.890000,23.650000,24.370000,11829528
2024-07-05T00:00:00Z,24.180000,25.079900,23.820000,24.180000,11782058
2024-07-08T00:00:00Z,24.120000,25.140000,23.850000,24.450000,11815529
2024-07-09T00:00:00Z,24.600000,25.179900,24.000000,24.600000,9523548
2024-07-10T00:00:00Z,25.000000,26.450000,24.900000,24.970000,22325378
2024-07-11T00:00:00Z,25.435000,26.020000,25.020000,25.570000,13032724
2024-07-12T00:00:00Z,25.760000,26.890000,25.420000,26.050000,16238873
2024-07-15T00:00:00Z,25.980000,27.200000,25.651000,27.000000,17136420
2024-07-16T00:00:00Z,27.750000,28.830000,27.370100,28.540000,25594530
2024-07-17T00:00:00Z,28.400000,29.790000,27.240000,27.980000,23775045
2024-07-18T00:00:00Z,27.980000,28.382000,25.610000,25.880000,16969661
2024-07-19T00:00:00Z,25.550000,26.390000,24.850000,24.970000,12763308
2024-07-22T00:00:00Z,24.840000,25.980000,24.380000,25.220000,14090399
2024-07-23T00:00:00Z,25.220000,25.680000,24.890000,25.500000,7921716
2024-07-24T00:00:00Z,25.150000,25.450000,23.930000,24.010000,9549237
2024-07-25T00:00:00Z,23.590000,24.589900,23.360000,23.950000,8567677
2024-07-26T00:00:00Z,24.280000,24.770000,24.110000,24.130000,6833886
2024-07-29T00:00:00Z,24.230000,24.380000,23.540000,23.600000,7250207
2024-07-30T00:00:00Z,23.600000,23.890000,22.340000,22.400000,9272417
2024-07-31T00:00:00Z,22.860000,23.450000,22.610000,22.670000,8005777
2024-08-01T00:00:00Z,22.920000,23.090000,21.560000,21.710000,9334381
2024-08-02T00:00:00Z,20.950000,21.610000,20.430000,21.070000,9029964
2024-08-05T00:00:00Z,18.830000,20.800000,18.730000,20.650000,12205928
2024-08-06T00:00:00Z,21.020000,21.580000,20.260000,21.280000,6505327
2024-08-07T00:00:00Z,21.150000,21.460000,20.380000,20.830000,6101059
2024-08-08T00:00:00Z,21.010000,21.880000,20.810000,21.750000,5439748
2024-08-09T00:00:00Z,21.510000,22.170000,21.460000,21.930000,4828921
2024-08-12T00:00:00Z,21.980000,22.270000,21.450000,21.880000,4449080
2024-08-13T00:00:00Z,21.960000,22.379900,21.860000,22.270000,3913677
2024-08-14T00:00:00Z,22.340000,22.730000,21.790000,21.990000,3489360
2024-08-15T00:00:00Z,22.250000,22.840000,21.970000,22.530000,5361386
2024-08-16T00:00:00Z,22.370000,22.690000,22.237600,22.400000,3641797
2024-08-19T00:00:00Z,22.350000,23.100000,22.324000,22.660000,4543483
2024-08-20T00:00:00Z,22.500000,22.520000,21.960000,22.280000,3570256
2024-08-21T00:00:00Z,22.170000,22.650000,22.160000,22.550000,3163206
2024-08-22T00:00:00Z,22.500000,22.760000,22.090000,22.120000,3382471
2024-08-23T00:00:00Z,22.250000,22.620000,22.180000,22.210000,4056656
2024-08-26T00:00:00Z,22.250000,22.390000,21.300000,21.360000,4780548
2024-08-27T00:00:00Z,21.060000,21.290000,20.660000,20.740000,4118764
2024-08-28T00:00:00Z,20.710000,21.070000,19.880000,19.900000,5219461
2024-08-29T00:00:00Z,20.500000,22.450000,20.470000,21.510000,10428350
2024-08-30T00:00:00Z,21.820000,23.480000,21.730000,23.420000,15680722
2024-09-03T00:00:00Z,24.150000,24.690000,22.820000,23.140000,11350531
2024-09-04T00:00:00Z,22.850000,23.710000,22.110000,22.120000,6700878
2024-09-05T00:00:00Z,22.000000,22.680000,21.656800,22.390000,5101162
2024-09-06T00:00:00Z,22.400000,24.480000,21.800000,23.920000,23883993
2024-09-09T00:00:00Z,23.240000,25.015000,23.160000,24.250000,14064701
2024-09-10T00:00:00Z,24.770000,24.800000,23.132000,23.450000,19175494
2024-09-11T00:00:00Z,20.820000,21.090000,19.310000,20.640000,28921512
2024-09-12T00:00:00Z,20.470000,20.710000,19.991000,20.400000,9567543
2024-09-13T00:00:00Z,20.490000,20.915000,20.340000,20.650000,8053728
2024-09-16T00:00:00Z,20.450000,20.520000,19.915900,20.090000,5981249
2024-09-17T00:00:00Z,20.240000,20.560000,19.920000,20.160000,6307585
2024-09-18T00:00:00Z,20.050000,20.260000,19.420000,19.650000,10728196
2024-09-19T00:00:00Z,19.890000,20.029600,19.470000,19.510000,8902553
2024-09-20T00:00:00Z,19.630000,22.030000,19.482000,21.850000,61919240
2024-09-23T00:00:00Z,21.540000,22.560000,21.230100,22.310000,13969516
2024-09-24T00:00:00Z,22.610000,22.720000,21.540000,22.630000,12121429
2024-09-25T00:00:00Z,22.160000,22.830000,22.065000,22.180000,6139651
2024-09-26T00:00:00Z,22.400000,22.640000,21.870000,22.290000,5777488
2024-09-27T00:00:00Z,22.390000,23.100000,21.970000,22.480000,7416488
2024-09-30T00:00:00Z,22.300000,23.640000,22.170000,22.930000,10181783
2024-10-01T00:00:00Z,22.950000,23.120000,21.810000,21.970000,7189201
2024-10-02T00:00:00Z,21.860000,22.300000,21.410000,21.490000,5673071
2024-10-03T00:00:00Z,21.360000,21.790000,21.110000,21.200000,4665773
2024-10-04T00:00:00Z,21.480000,21.970000,21.287300,21.400000,5316802
2024-10-07T00:00:00Z,21.350000,21.530000,20.810000,20.900000,5988031
2024-10-08T00:00:00Z,20.900000,21.270000,20.525800,20.710000,4840468
2024-10-09T00:00:00Z,20.500000,20.740000,20.300000,20.500000,3914000
2024-10-10T00:00:00Z,20.470000,21.045000,20.375000,20.910000,4180798
2024-10-11T00:00:00Z,20.660000,21.220000,20.660000,20.830000,3931552
2024-10-14T00:00:00Z,20.750000,21.670000,20.460000,21.330000,6636553
2024-10-15T00:00:00Z,21.450000,21.680000,20.975000,21.270000,4851908
2024-10-16T00:00:00Z,21.130000,21.750000,21.030000,21.660000,4264618
2024-10-17T00:00:00Z,21.500000,21.660000,21.230000,21.410000,3015289
2024-10-18T00:00:00Z,21.410000,21.605000,20.980000,21.220000,5302231
2024-10-21T00:00:00Z,21.100000,21.216600,20.660000,20.700000,3956456
2024-10-22T00:00:00Z,20.620000,20.940000,20.430000,20.930000,3232303
2024-10-23T00:00:00Z,20.730000,20.979900,20.350000,20.540000,2944961
2024-10-24T00:00:00Z,20.630000,20.840000,20.480000,20.630000,2682336
2024-10-25T00:00:00Z,20.650000,21.429900,20.540000,20.570000,5989028
2024-10-28T00:00:00Z,20.840000,22.770000,20.730000,22.730000,13641237
2024-10-29T00:00:00Z,22.700000,23.200000,22.090000,22.680000,10078118
2024-10-30T00:00:00Z,23.400000,24.540000,22.750000,23.280000,12383567
2024-10-31T00:00:00Z,22.830000,23.030600,22.050000,22.180000,5594540
2024-11-01T00:00:00Z,22.400000,23.050000,22.080000,22.410000,4744478
2024-11-04T00:00:00Z,22.200000,22.650000,21.882300,22.330000,4300154
2024-11-05T00:00:00Z,22.320000,23.200000,22.273400,22.990000,5858361
2024-11-06T00:00:00Z,23.310000,23.820000,22.900000,23.100000,6648026
2024-11-07T00:00:00Z,23.070000,23.655000,22.810000,23.450000,5554436
2024-11-08T00:00:00Z,23.440000,25.389900,23.240000,24.880000,15908649
2024-11-11T00:00:00Z,25.260000,28.050000,24.627100,27.260000,26633024
2024-11-12T00:00:00Z,26.060000,27.100000,24.950000,26.840000,18972745
2024-11-13T00:00:00Z,26.260000,28.220000,26.220000,26.460000,18490280
2024-11-14T00:00:00Z,27.170000,28.280000,26.720300,27.370000,16502034
2024-11-15T00:00:00Z,28.080000,28.590000,26.320000,26.590000,16451823
2024-11-18T00:00:00Z,26.650000,27.160000,25.850000,26.440000,8541606
2024-11-19T00:00:00Z,25.890000,27.600000,25.710000,27.570000,8698625
2024-11-20T00:00:00Z,27.260000,29.800000,27.260000,28.450000,22089651
2024-11-21T00:00:00Z,29.090000,29.170000,27.180000,27.820000,10587186
2024-11-22T00:00:00Z,27.880000,28.460000,27.420000,27.900000,7975658
2024-11-25T00:00:00Z,28.050000,29.770000,27.960000,29.670000,13090436
2024-11-26T00:00:00Z,29.400000,32.120000,28.780000,30.330000,24657344
2024-11-27T00:00:00Z,30.800000,31.550000,30.510000,30.890000,12895064
2024-11-29T00:00:00Z,31.010000,31.080000,28.850000,29.050000,10473673
2024-12-02T00:00:00Z,28.960000,29.365000,26.745000,27.270000,13576632
2024-12-03T00:00:00Z,26.550000,27.590000,26.490700,27.440000,6009926
2024-12-04T00:00:00Z,27.070000,27.830000,26.630000,27.030000,6387537
2024-12-05T00:00:00Z,27.000000,30.870000,26.150100,28.630000,40704909
2024-12-06T00:00:00Z,29.120000,29.350000,28.110000,29.060000,15161435
2024-12-09T00:00:00Z,29.000000,29.860000,27.740000,27.930000,11495415
2024-12-10T00:00:00Z,27.880000,28.390000,26.850000,26.930000,18209436
2024-12-11T00:00:00Z,27.750000,30.160000,27.510000,28.970000,20484956
2024-12-12T00:00:00Z,28.900000,29.659200,28.580000,28.750000,8855674
2024-12-13T00:00:00Z,28.700000,28.860000,27.922000,27.990000,6581586
2024-12-16T00:00:00Z,27.700000,29.590000,27.270000,29.440000,8700033
2024-12-17T00:00:00Z,29.635000,31.880000,29.635000,31.260000,19948086
2024-12-18T00:00:00Z,31.100000,31.700000,28.340000,28.550000,13947264
2024-12-19T00:00:00Z,29.155000,30.600000,28.820000,29.000000,10338215
2024-12-20T00:00:00Z,28.540000,30.520000,28.309300,29.820000,19606720
2024-12-23T00:00:00Z,29.820000,31.110000,29.780200,30.900000,8226542
2024-12-24T00:00:00Z,31.000000,31.594000,30.580000,31.140000,5515355
2024-12-26T00:00:00Z,32.620000,34.370000,31.600000,32.990000,20510653
2024-12-27T00:00:00Z,32.390000,33.050000,30.730000,32.200000,10141662
2024-12-30T00:00:00Z,31.800000,32.880000,31.610000,32.010000,9593140
2024-12-31T00:00:00Z,32.060000,32.440000,31.100000,31.340000,7395297
2025-01-02T00:00:00Z,31.840000,32.050000,30.370100,30.660000,7979732
2025-01-03T00:00:00Z,30.800000,32.140000,30.565900,31.650000,7461759
2025-01-06T00:00:00Z,31.700000,33.490000,30.760000,32.820000,12609406
2025-01-07T00:00:00Z,32.800000,34.400000,31.710000,33.370000,13360663
2025-01-08T00:00:00Z,32.970000,33.370000,32.410000,32.960000,6319956
2025-01-10T00:00:00Z,32.500000,32.940000,31.400000,32.310000,7068203
2025-01-13T00:00:00Z,31.600000,31.799900,30.900000,31.020000,5566985
2025-01-14T00:00:00Z,31.260000,31.679900,27.560100,27.880000,11796595
2025-01-15T00:00:00Z,28.900000,29.330000,27.840000,27.960000,6025350
2025-01-16T00:00:00Z,27.940000,28.140000,27.410000,27.720000,4431995
2025-01-17T00:00:00Z,27.610000,28.789900,27.020000,27.510000,8977526
2025-01-21T00:00:00Z,27.400000,27.570000,26.330000,27.470000,5867780
2025-01-22T00:00:00Z,27.360000,28.016000,27.300000,27.650000,5025385
2025-01-23T00:00:00Z,27.880000,29.260000,27.680000,28.330000,8828170
2025-01-24T00:00:00Z,28.300000,28.670000,27.620000,27.770000,4511646
2025-01-27T00:00:00Z,26.920000,27.679600,26.800000,26.970000,5060256
2025-01-28T00:00:00Z,27.000000,27.590000,26.653900,27.460000,3169854
2025-01-29T00:00:00Z,27.410000,27.740000,27.060000,27.510000,3220404
2025-01-30T00:00:00Z,27.840000,28.230000,27.712500,27.990000,3343948
2025-01-31T00:00:00Z,27.790000,28.180000,26.900000,26.900000,4544033
2025-02-03T00:00:00Z,25.570000,26.540000,25.500000,25.890000,5740535
2025-02-04T00:00:00Z,25.850000,26.250000,25.800000,25.900000,3353742
2025-02-05T00:00:00Z,25.700000,25.809000,24.900000,24.930000,4580218
2025-02-06T00:00:00Z,24.930000,25.390000,24.530000,24.800000,4349516
2025-02-07T00:00:00Z,24.900000,25.020000,24.600000,24.730000,3403304
2025-02-10T00:00:00Z,25.500000,27.270000,25.300000,27.120000,9694662
2025-02-11T00:00:00Z,26.850000,27.760000,26.470000,26.560000,7042658
2025-02-12T00:00:00Z,26.120000,26.400000,25.600000,25.990000,3999243
2025-02-13T00:00:00Z,25.750000,26.400000,25.750000,26.340000,8255330
2025-02-14T00:00:00Z,28.900000,28.970000,26.900000,27.000000,12142612
2025-02-18T00:00:00Z,27.030000,27.590000,26.660800,26.970000,5337801
2025-02-19T00:00:00Z,26.800000,26.960000,25.920000,26.000000,4382120
2025-02-20T00:00:00Z,25.800000,27.450000,25.760000,27.040000,7735228
2025-02-21T00:00:00Z,27.250000,27.580000,26.155300,26.420000,6130903
2025-02-24T00:00:00Z,26.340000,26.385000,24.950000,25.000000,5980021
2025-02-25T00:00:00Z,24.930000,25.290000,23.830000,24.420000,6551451
2025-02-26T00:00:00Z,24.540000,25.210000,24.450000,24.610000,3272498
2025-02-27T00:00:00Z,25.000000,25.370000,24.140000,24.480000,4589982
2025-02-28T00:00:00Z,24.330000,25.096500,24.200000,25.040000,4137068
2025-03-03T00:00:00Z,25.260000,25.480000,24.180000,24.400000,4290981
2025-03-04T00:00:00Z,23.770000,24.860000,23.440000,24.300000,5068726
2025-03-05T00:00:00Z,24.330000,25.160000,24.110000,25.070000,3282452
2025-03-06T00:00:00Z,24.740000,25.010000,24.050000,24.200000,3421446
2025-03-07T00:00:00Z,24.000000,24.350000,23.520000,24.000000,3463954
2025-03-10T00:00:00Z,23.440000,23.579900,22.260000,22.420000,6226934
2025-03-11T00:00:00Z,22.350000,22.980000,22.082500,22.610000,4226922
2025-03-12T00:00:00Z,22.945000,23.240000,21.890000,21.990000,3718208
2025-03-13T00:00:00Z,22.050000,22.250000,21.560000,21.950000,3829828
2025-03-14T00:00:00Z,22.290000,23.150000,22.290000,23.050000,3960539
2025-03-17T00:00:00Z,23.240000,23.730000,22.970000,23.500000,2899087
2025-03-18T00:00:00Z,23.290000,23.620000,23.140000,23.300000,2155842
2025-03-19T00:00:00Z,23.400000,23.990000,23.260000,23.710000,3032256
2025-03-20T00:00:00Z,23.650000,24.120000,23.510000,23.510000,1998220
2025-03-21T00:00:00Z,23.750000,24.810000,23.650000,24.750000,6893871
2025-03-24T00:00:00Z,25.350000,25.830000,25.150000,25.610000,5036047
2025-03-25T00:00:00Z,25.700000,25.770000,24.990100,25.400000,10106783
2025-03-26T00:00:00Z,28.840000,29.800000,27.320000,28.360000,53312955
2025-03-27T00:00:00Z,25.865000,26.280000,21.160000,22.090000,96733093
2025-03-28T00:00:00Z,21.890000,22.790000,21.700000,21.730000,44771676
2025-03-31T00:00:00Z,21.400000,22.630000,20.730100,22.320000,16147925
2025-04-01T00:00:00Z,22.755000,23.245000,21.950000,22.610000,14435333
2025-04-02T00:00:00Z,22.490000,23.020000,22.250000,22.690000,10965121
2025-04-03T00:00:00Z,21.600000,21.780000,21.080000,21.100000,11141888
2025-04-04T00:00:00Z,21.420000,23.850000,20.780000,23.490000,20608194
2025-04-07T00:00:00Z,22.600000,25.020000,22.400000,24.290000,17191901
2025-04-08T00:00:00Z,24.820000,24.931800,22.970000,23.390000,12062268
2025-04-09T00:00:00Z,23.030000,25.459000,23.030000,25.400000,17695938
2025-04-10T00:00:00Z,25.000000,26.200000,24.410000,25.020000,11545364
2025-04-11T00:00:00Z,25.500000,26.440000,25.250000,26.400000,10984060
2025-04-14T00:00:00Z,26.660000,27.180000,25.680000,26.980000,10628362
2025-04-15T00:00:00Z,26.880000,27.380000,26.620000,26.700000,6738083
2025-04-16T00:00:00Z,26.450000,26.663500,25.720100,26.250000,6292788
2025-04-17T00:00:00Z,26.210000,27.185400,26.170000,26.780000,7434838
2025-04-21T00:00:00Z,26.710000,27.039900,25.790000,26.770000,7689967
2025-04-22T00:00:00Z,26.990000,27.940000,26.880000,27.800000,11065946
2025-04-23T00:00:00Z,28.200000,28.250000,26.960000,27.120000,8862655
2025-04-24T00:00:00Z,27.100000,27.579900,26.836000,27.080000,6212122
2025-04-25T00:00:00Z,27.130000,27.800000,27.130000,27.460000,5853359
2025-04-28T00:00:00Z,27.400000,27.590000,26.980000,27.590000,6819305
2025-04-29T00:00:00Z,27.450000,27.940000,27.260000,27.260000,5497551
2025-04-30T00:00:00Z,26.900000,27.930000,26.790000,27.860000,6578094
2025-05-01T00:00:00Z,27.980000,28.350000,27.415000,27.430000,5693525
2025-05-02T00:00:00Z,27.700000,27.916300,27.150000,27.480000,5579861
2025-05-05T00:00:00Z,27.325000,27.410000,26.350000,26.600000,7132359
2025-05-06T00:00:00Z,26.440000,26.500000,25.665000,26.040000,5883843
2025-05-07T00:00:00Z,26.190000,26.340000,25.880000,26.010000,4386935
2025-05-08T00:00:00Z,26.300000,26.990000,26.180000,26.780000,6521684
2025-05-09T00:00:00Z,26.780000,27.730000,26.760000,27.540000,7795212
2025-05-12T00:00:00Z,28.060000,28.180000,27.285000,28.050000,7395242
2025-05-13T00:00:00Z,28.050000,28.859900,28.050000,28.390000,10365258
2025-05-14T00:00:00Z,28.480000,29.390000,28.300000,28.730000,14552315
2025-05-15T00:00:00Z,28.580000,28.640000,27.420000,28.630000,9364353
2025-05-16T00:00:00Z,28.610000,29.060000,28.300000,28.450000,6504447
2025-05-19T00:00:00Z,27.750000,28.200000,27.690000,27.890000,4223534
2025-05-20T00:00:00Z,27.890000,28.780000,27.850000,28.510000,4795105
2025-05-21T00:00:00Z,28.400000,29.190000,28.020100,28.050000,8762022
2025-05-22T00:00:00Z,28.550000,31.000000,28.490000,30.860000,21451030
2025-05-23T00:00:00Z,30.600000,33.210000,30.545000,33.030000,30477595
2025-05-27T00:00:00Z,33.970000,35.740000,33.630000,35.010000,33217805
2025-05-28T00:00:00Z,35.785000,35.810000,30.730000,31.210000,45300350
2025-05-29T00:00:00Z,31.170000,31.350000,29.320000,29.570000,15887926
2025-05-30T00:00:00Z,29.200000,30.490000,29.185000,29.800000,10227796
2025-06-02T00:00:00Z,29.870000,30.880000,29.730000,30.640000,7430729
2025-06-03T00:00:00Z,30.810000,31.050000,30.020000,30.100000,6086532
2025-06-04T00:00:00Z,29.900000,30.970000,29.340000,29.950000,7313977
2025-06-05T00:00:00Z,29.810000,30.608000,29.230000,29.450000,6356776
2025-06-06T00:00:00Z,29.680000,30.000000,29.520000,29.580000,4379288
2025-06-09T00:00:00Z,29.920000,30.490000,29.450000,30.340000,5836161
2025-06-10T00:00:00Z,30.540000,30.600000,29.660000,30.150000,11974428
2025-06-11T00:00:00Z,29.020000,29.413800,28.420000,28.550000,18039170
2025-06-12T00:00:00Z,23.570000,24.300000,21.540000,22.140000,172324520
2025-06-13T00:00:00Z,22.180000,23.150000,22.103300,22.140000,59849893
2025-06-16T00:00:00Z,22.770000,23.460000,22.410000,23.320000,31522657
2025-06-17T00:00:00Z,23.000000,23.780000,22.790000,22.990000,24797599
2025-06-18T00:00:00Z,23.070000,23.950000,22.929700,23.440000,14712148
2025-06-20T00:00:00Z,23.520000,23.725000,23.130000,23.460000,19994180
2025-06-23T00:00:00Z,23.030000,23.330000,22.450000,22.820000,12120494
2025-06-24T00:00:00Z,23.030000,23.326000,22.850000,23.290000,11660172
2025-06-25T00:00:00Z,23.380000,23.690000,23.050000,23.550000,9840749
2025-06-26T00:00:00Z,23.400000,24.060000,23.300000,23.880000,8777965
2025-06-27T00:00:00Z,23.990000,24.260000,23.460000,23.590000,11638237
2025-06-30T00:00:00Z,23.640000,24.400000,23.540000,24.390000,10439313
2025-07-01T00:00:00Z,24.150000,24.500000,23.680000,23.680000,8308047
2025-07-02T00:00:00Z,23.900000,24.100000,23.750000,23.950000,6428597
2025-07-03T00:00:00Z,23.850000,24.160000,23.490000,23.590000,5566311
2025-07-07T00:00:00Z,23.480000,23.480000,22.530000,22.620000,12873527
2025-07-08T00:00:00Z,22.710000,22.950000,22.580000,22.750000,7863631
2025-07-09T00:00:00Z,22.880000,23.600000,22.530000,23.190000,14641415
2025-07-10T00:00:00Z,23.040000,23.326400,23.010000,23.100000,5990997
2025-07-11T00:00:00Z,23.130000,24.050000,23.130000,23.330000,11454086
2025-07-14T00:00:00Z,23.440000,23.840000,23.392700,23.700000,7769614
2025-07-15T00:00:00Z,23.660000,23.680000,23.170000,23.220000,7321570
2025-07-16T00:00:00Z,23.400000,23.845000,23.310000,23.680000,7738267
2025-07-17T00:00:00Z,23.540000,23.720000,23.380000,23.400000,7307167
2025-07-18T00:00:00Z,23.460000,23.510000,23.130000,23.280000,6628396
2025-07-21T00:00:00Z,23.280000,24.430000,23.050000,24.200000,17718374
2025-07-22T00:00:00Z,24.140000,24.840000,23.530000,24.260000,12006257
2025-07-23T00:00:00Z,24.460000,24.750000,23.810000,23.960000,8305149
2025-07-24T00:00:00Z,23.890000,23.940000,23.460000,23.530000,6338139
2025-07-25T00:00:00Z,23.510000,23.600000,23.250000,23.330000,7090634
2025-07-28T00:00:00Z,23.345000,23.560000,22.950000,22.980000,11481943
2025-07-29T00:00:00Z,23.010000,23.040000,22.530000,22.550000,6078838
2025-07-30T00:00:00Z,22.590000,22.785000,22.270000,22.450000,7956586
2025-07-31T00:00:00Z,22.350000,23.340000,22.300000,22.450000,13749907
2025-08-01T00:00:00Z,22.320000,22.606000,21.920000,22.100000,7878440
2025-08-04T00:00:00Z,22.250000,22.670000,22.070000,22.630000,5059365
2025-08-05T00:00:00Z,22.500000,23.050000,22.460000,22.810000,4981405
2025-08-06T00:00:00Z,22.820000,22.860000,22.420100,22.810000,4825043
2025-08-07T00:00:00Z,22.800000,23.125000,22.490000,22.650000,4456288
2025-08-08T00:00:00Z,22.630000,22.830000,22.220000,22.270000,4833088
2025-08-11T00:00:00Z,22.290000,22.805000,22.290000,22.410000,5212532
2025-08-12T00:00:00Z,22.500000,22.945000,22.470000,22.930000,4887648
2025-08-13T00:00:00Z,22.950000,23.210000,22.810000,23.020000,5349328
2025-08-14T00:00:00Z,22.840000,22.909900,22.570000,22.890000,4779950
2025-08-15T00:00:00Z,22.940000,23.020000,22.665000,22.940000,4965589
2025-08-18T00:00:00Z,22.940000,23.170000,22.900000,23.110000,5107095
2025-08-19T00:00:00Z,23.100000,23.180000,22.700000,22.820000,5532814
2025-08-20T00:00:00Z,22.720000,22.767900,22.370000,22.630000,4388719
2025-08-21T00:00:00Z,22.600000,22.622400,22.380000,22.560000,4090609
2025-08-22T00:00:00Z,22.650000,23.025800,22.615000,22.890000,5551442
2025-08-25T00:00:00Z,22.860000,22.900000,22.563600,22.680000,3801008
2025-08-26T00:00:00Z,22.670000,22.800000,22.270000,22.300000,7867554
2025-08-27T00:00:00Z,22.460000,22.575000,22.270000,22.500000,6891997
2025-08-28T00:00:00Z,22.560000,22.895000,22.370000,22.790000,6482312
2025-08-29T00:00:00Z,22.720000,22.820000,22.410000,22.410000,5371497
2025-09-02T00:00:00Z,22.355000,23.410000,22.180000,23.410000,9567042
2025-09-03T00:00:00Z,23.510000,23.730000,22.680700,22.880000,9771430
2025-09-04T00:00:00Z,22.760000,22.845400,22.370000,22.370000,5531803
2025-09-05T00:00:00Z,22.600000,22.785000,22.280000,22.610000,11183337
2025-09-08T00:00:00Z,22.660000,23.470000,22.561900,23.220000,10151222
2025-09-09T00:00:00Z,23.100000,23.628000,22.940000,23.590000,18374443
2025-09-10T00:00:00Z,25.205000,25.430000,24.040000,24.370000,46253973
2025-09-11T00:00:00Z,24.000000,24.850000,23.890000,24.850000,12512626
2025-09-12T00:00:00Z,24.890000,25.138000,24.750000,24.930000,9320071
2025-09-15T00:00:00Z,25.000000,25.810000,24.990000,25.530000,9603984
2025-09-16T00:00:00Z,25.690000,26.420000,25.610000,26.340000,9829954
2025-09-17T00:00:00Z,26.350000,26.465000,25.580300,26.100000,7897132
2025-09-18T00:00:00Z,26.210000,26.416500,25.840000,25.880000,7806246
2025-09-19T00:00:00Z,25.830000,26.388900,25.790000,26.080000,9567601
2025-09-22T00:00:00Z,26.000000,27.340000,25.970000,26.780000,11263598
2025-09-23T00:00:00Z,26.905000,27.240000,26.590000,26.800000,7063968
2025-09-24T00:00:00Z,26.830000,27.050000,26.220000,26.250000,5508834
2025-09-25T00:00:00Z,25.930000,26.340000,25.270000,25.270000,8210462
2025-09-26T00:00:00Z,25.530000,26.800000,25.440000,26.420000,8048334
2025-09-29T00:00:00Z,27.200000,27.210000,26.790000,27.210000,7979038
2025-09-30T00:00:00Z,27.210000,27.340000,26.795000,27.280000,5392802
2025-10-01T00:00:00Z,27.250000,27.785000,27.176000,27.690000,8187127
2025-10-02T00:00:00Z,28.000000,28.100000,26.720000,27.220000,14525954
2025-10-03T00:00:00Z,26.360000,26.990000,25.155000,25.380000,11615905
2025-10-06T00:00:00Z,25.550000,25.830000,25.010000,25.050000,11543446
2025-10-07T00:00:00Z,25.050000,25.240000,24.305000,24.350000,10779916
2025-10-08T00:00:00Z,24.380000,25.050000,24.130000,24.410000,7183811
2025-10-09T00:00:00Z,24.580000,24.741300,23.860000,24.070000,11821160
2025-10-10T00:00:00Z,24.080000,24.200000,23.280000,23.300000,9744316
2025-10-13T00:00:00Z,23.480000,23.800000,23.110000,23.590000,5772105
2025-10-14T00:00:00Z,23.120000,23.670000,22.880000,23.210000,4470901
2025-10-15T00:00:00Z,23.300000,23.660000,23.210000,23.380000,5018139
2025-10-16T00:00:00Z,23.300000,23.530000,22.860000,22.950000,6549759
2025-10-17T00:00:00Z,22.950000,23.389900,22.900000,23.070000,6206263
2025-10-20T00:00:00Z,23.120000,23.390000,23.120000,23.370000,4424363
2025-10-21T00:00:00Z,23.080000,23.340000,22.800000,22.800000,6387180
2025-10-22T00:00:00Z,22.690000,23.330000,22.240000,22.490000,11012887
2025-10-23T00:00:00Z,22.530000,23.830000,22.456000,23.630000,10637953
2025-10-24T00:00:00Z,23.450000,23.600000,23.220000,23.300000,5771165
2025-10-27T00:00:00Z,24.500000,24.540000,23.440000,23.530000,9428707
2025-10-28T00:00:00Z,23.520000,23.630000,23.222500,23.300000,7984105
2025-10-29T00:00:00Z,23.340000,23.420000,22.880000,23.380000,5696936
2025-10-30T00:00:00Z,23.170000,23.270000,22.560000,22.580000,6438442
2025-10-31T00:00:00Z,22.775000,22.804400,22.290000,22.290000,4990691
2025-11-03T00:00:00Z,22.250000,22.415000,21.960000,22.110000,6276116
2025-11-04T00:00:00Z,21.870000,22.270000,21.580000,21.980000,5155852
2025-11-05T00:00:00Z,21.980000,22.340000,21.890000,22.010000,3885626
2025-11-06T00:00:00Z,21.960000,22.020000,21.350000,21.350000,5718101
2025-11-07T00:00:00Z,21.100000,21.735000,20.950000,21.500000,6533306
2025-11-10T00:00:00Z,21.670000,21.810000,21.300000,21.490000,4724873
2025-11-11T00:00:00Z,21.420000,21.615000,21.225000,21.450000,2856338
2025-11-12T00:00:00Z,21.460000,21.740000,21.255000,21.360000,4341284
2025-11-13T00:00:00Z,21.280000,21.330000,20.880000,20.960000,7415436
2025-11-14T00:00:00Z,20.650000,20.990000,20.410000,20.660000,5887642
2025-11-17T00:00:00Z,20.570000,20.840000,20.270000,20.500000,4968176
2025-11-18T00:00:00Z,20.390000,20.670000,20.180000,20.500000,3733252
2025-11-19T00:00:00Z,20.400000,20.505000,20.110000,20.420000,5194324
2025-11-20T00:00:00Z,20.550000,20.690000,19.930000,19.940000,6028877
2025-11-21T00:00:00Z,19.950000,20.630000,19.940000,20.140000,5514125
2025-11-24T00:00:00Z,20.190000,20.555000,20.120000,20.490000,5577591
2025-11-25T00:00:00Z,20.490000,21.360000,20.310000,21.060000,4794851
2025-11-26T00:00:00Z,21.180000,21.830000,21.110000,21.630000,4644241
2025-11-28T00:00:00Z,22.280000,22.750000,22.040000,22.530000,8789295
2025-12-01T00:00:00Z,22.150000,23.065000,22.110000,22.790000,7895904
2025-12-02T00:00:00Z,22.800000,23.365000,22.480000,22.810000,8105087
2025-12-03T00:00:00Z,22.910000,23.280000,22.715000,23.210000,11079696
2025-12-04T00:00:00Z,23.260000,23.470000,22.645000,22.950000,7195815
2025-12-05T00:00:00Z,23.000000,23.070000,22.530000,23.000000,5688195
2025-12-08T00:00:00Z,23.030000,23.550000,23.020000,23.350000,5318919
2025-12-09T00:00:00Z,23.250000,24.000000,23.100000,23.110000,9159102
2025-12-10T00:00:00Z,21.565000,22.470000,21.500000,22.120000,11543759
2025-12-11T00:00:00Z,22.020000,22.180000,21.530000,21.860000,4645586
2025-12-12T00:00:00Z,21.890000,21.970000,21.090000,21.230000,5365898
2025-12-15T00:00:00Z,21.360000,22.580000,21.080000,22.090000,8010605
2025-12-16T00:00:00Z,22.160000,22.340000,21.800000,22.280000,3922858
2025-12-17T00:00:00Z,22.290000,23.170000,22.270000,23.030000,6132226
2025-12-18T00:00:00Z,22.955000,23.099200,22.530100,22.560000,4589257
2025-12-19T00:00:00Z,22.580000,22.640000,22.280100,22.510000,7379321
2025-12-22T00:00:00Z,22.515000,22.779900,21.700000,21.740000,6481133
2025-12-23T00:00:00Z,21.660000,21.683000,21.130000,21.380000,4384537
2025-12-24T00:00:00Z,21.230000,21.570000,21.230000,21.530000,1781042
2025-12-26T00:00:00Z,21.500000,21.500000,20.955000,21.090000,3820404
2025-12-29T00:00:00Z,21.040000,21.285000,20.460000,20.530000,6005575
2025-12-30T00:00:00Z,20.525000,20.695000,20.350000,20.500000,4569480
2025-12-31T00:00:00Z,20.450000,20.490000,19.990000,20.080000,6422287
2026-01-02T00:00:00Z,20.260000,20.865000,20.160000,20.620000,4551690
2026-01-05T00:00:00Z,20.650000,20.829900,20.330000,20.720000,7673734
2026-01-06T00:00:00Z,20.630000,20.905000,20.570000,20.660000,3405040
2026-01-07T00:00:00Z,21.650000,22.015000,21.185000,21.290000,10674065
2026-01-08T00:00:00Z,21.200000,21.440000,21.090000,21.420000,4131769
2026-01-09T00:00:00Z,21.280000,21.729000,21.051200,21.230000,5034887
2026-01-12T00:00:00Z,21.080000,21.305000,20.920000,20.980000,3563684
2026-01-13T00:00:00Z,20.990000,21.210000,20.840000,21.020000,4121054
2026-01-14T00:00:00Z,21.000000,21.080000,20.790000,21.020000,4112831
2026-01-15T00:00:00Z,20.970000,21.420000,20.880000,21.360000,4995435
2026-01-16T00:00:00Z,21.330000,21.470000,21.060000,21.100000,3731495
2026-01-20T00:00:00Z,20.800000,21.250000,20.690000,21.100000,6826516
2026-01-21T00:00:00Z,21.670000,21.925000,21.360000,21.690000,8366880
2026-01-22T00:00:00Z,22.400000,23.500000,22.170000,23.140000,15762955
2026-01-23T00:00:00Z,23.140000,23.170000,22.270000,22.990000,10347468
2026-01-26T00:00:00Z,23.460000,25.010000,22.950100,24.010000,37432249
2026-01-27T00:00:00Z,24.000000,24.500000,23.240000,24.210000,16600909
2026-01-28T00:00:00Z,24.230000,24.250000,23.370000,23.640000,8514542
2026-01-29T00:00:00Z,23.500000,23.599900,22.700000,22.810000,7555114
2026-01-30T00:00:00Z,23.290000,24.010000,23.290000,23.880000,16706709
2026-02-02T00:00:00Z,24.380000,25.930000,24.050000,25.850000,24507550
2026-02-03T00:00:00Z,25.160000,25.300000,23.840000,24.520000,15876424
2026-02-04T00:00:00Z,24.480000,25.159900,24.050000,24.980000,9779719
2026-02-05T00:00:00Z,24.750000,25.495000,24.550000,24.690000,10155513
2026-02-06T00:00:00Z,24.800000,25.395000,24.440000,24.980000,10022600
2026-02-09T00:00:00Z,24.885000,24.970000,24.200000,24.640000,5328353
2026-02-10T00:00:00Z,24.510000,25.210000,24.020000,24.820000,5797469
2026-02-11T00:00:00Z,24.810000,24.830000,24.040000,24.210000,4755915
2026-02-12T00:00:00Z,24.210000,24.365000,23.360000,23.520000,6684495
2026-02-13T00:00:00Z,23.610000,24.090000,23.440000,23.570000,6331554
2026-02-17T00:00:00Z,23.550000,23.820000,23.230000,23.260000,4338340
2026-02-18T00:00:00Z,23.250000,24.035000,23.085000,23.870000,5007822
2026-02-19T00:00:00Z,23.770000,24.090000,23.580000,23.900000,3626279
2026-02-20T00:00:00Z,23.560000,23.810000,23.395000,23.430000,4169423
2026-02-23T00:00:00Z,23.240000,23.700000,22.790000,23.640000,5669358
2026-02-24T00:00:00Z,23.690000,24.339900,23.550000,23.770000,5466663
2026-02-25T00:00:00Z,23.850000,24.310000,23.700000,24.220000,4568075
2026-02-26T00:00:00Z,24.210000,24.530000,23.720000,24.100000,5070542
2026-02-27T00:00:00Z,23.790000,24.220000,23.700000,24.030000,4338038
2026-03-02T00:00:00Z,23.540000,24.205000,23.400000,24.200000,4620636
2026-03-03T00:00:00Z,23.780000,24.165000,23.450000,23.820000,4123953
2026-03-04T00:00:00Z,23.950000,24.200000,23.768000,23.870000,3485561
2026-03-05T00:00:00Z,23.800000,24.225000,23.530000,23.880000,5297088
2026-03-06T00:00:00Z,23.730000,24.390000,23.620000,24.370000,5825288
2026-03-09T00:00:00Z,24.000000,24.970000,23.930000,24.800000,7210920
2026-03-10T00:00:00Z,24.520000,25.000000,24.325000,24.370000,5144420
2026-03-11T00:00:00Z,24.290000,24.680000,23.960000,24.460000,5152608
2026-03-12T00:00:00Z,24.400000,24.640000,24.105000,24.430000,5201777
2026-03-13T00:00:00Z,24.300000,24.740000,23.500000,23.530000,6399440
2026-03-16T00:00:00Z,23.670000,23.820000,23.260000,23.280000,6134901
2026-03-17T00:00:00Z,23.300000,23.800000,23.282000,23.590000,3078383
2026-03-18T00:00:00Z,23.520000,23.649900,23.290000,23.360000,3075865
2026-03-19T00:00:00Z,22.950000,23.350000,22.720000,23.230000,5194519
2026-03-20T00:00:00Z,23.100000,23.175000,22.360000,22.570000,7088101
2026-03-23T00:00:00Z,22.700000,23.145000,22.560100,23.030000,5227260
2026-03-24T00:00:00Z,22.760000,23.100000,22.450000,22.810000,8085909
2026-03-25T00:00:00Z,22.775000,23.495000,22.460000,23.080000,7850125
2026-03-26T00:00:00Z,22.910000,23.220000,22.450000,22.560000,6905942
2026-03-27T00:00:00Z,22.660000,22.790000,22.030000,22.100000,5068847
2026-03-30T00:00:00Z,22.350000,22.630000,22.060000,22.270000,6651600
2026-03-31T00:00:00Z,22.400000,23.100000,22.380000,23.040000,8431059
2026-04-01T00:00:00Z,23.290000,23.350000,22.720000,22.760000,4417720
2026-04-02T00:00:00Z,22.580000,23.430000,22.570000,23.360000,3855173
2026-04-06T00:00:00Z,23.310000,23.615000,23.080000,23.080000,3660083
2026-04-07T00:00:00Z,23.080000,23.540000,22.680000,23.430000,10668306
2026-04-08T00:00:00Z,23.700000,23.760000,22.890967,22.910000,6788641
2026-04-09T00:00:00Z,22.900000,23.350000,22.830000,22.870000,3163769
2026-04-10T00:00:00Z,22.950000,23.250000,22.513100,23.220000,5856407
2026-04-13T00:00:00Z,23.000000,23.430000,22.730000,23.400000,5516061
2026-04-14T00:00:00Z,23.450000,24.300000,23.430000,24.030000,10482680
2026-04-15T00:00:00Z,24.150000,24.850000,24.030000,24.790000,11695360
2026-04-16T00:00:00Z,24.905000,25.490000,24.540000,25.180000,10701104
2026-04-17T00:00:00Z,25.190000,25.340000,24.371300,24.550000,8161048
2026-04-20T00:00:00Z,24.170000,25.047600,24.080000,24.920000,6199668
2026-04-21T00:00:00Z,25.050000,25.330000,24.430000,24.460000,6472841
2026-04-22T00:00:00Z,24.710000,25.735000,24.700000,25.660000,9643688
2026-04-23T00:00:00Z,25.840000,26.018600,24.730000,25.010000,8576900
2026-04-24T00:00:00Z,25.210000,25.250000,24.730000,24.950000,5148859
2026-04-27T00:00:00Z,25.000000,25.630000,24.923600,25.410000,6260405
2026-04-28T00:00:00Z,25.310000,25.420000,24.800000,25.090000,4326845
2026-04-29T00:00:00Z,24.990000,25.040000,24.000000,24.520000,7071464
2026-04-30T00:00:00Z,24.355000,25.079900,24.210100,24.950000,4492523
2026-05-01T00:00:00Z,24.850000,26.880000,24.850000,26.530000,20284936
2026-05-04T00:00:00Z,25.110000,26.150000,23.670000,23.840000,40178574
2026-05-05T00:00:00Z,23.210000,24.730000,22.850000,24.230000,17979584
2026-05-06T00:00:00Z,24.300000,25.437600,23.960000,25.170000,11606478
2026-05-07T00:00:00Z,25.120000,25.250000,23.790000,23.970000,8794029
2026-05-08T00:00:00Z,24.140000,24.420000,23.820000,24.280000,5957749
2026-05-11T00:00:00Z,24.200000,24.370000,23.100000,23.170000,17915543
2026-05-12T00:00:00Z,22.800000,23.190000,22.325000,22.370000,11936650
2026-05-13T00:00:00Z,22.330000,22.475000,21.975000,22.080000,7356934
2026-05-14T00:00:00Z,22.080000,22.350000,21.610000,21.610000,5663144
2026-05-15T00:00:00Z,21.540000,22.010000,21.460000,21.590000,5346608
2026-05-18T00:00:00Z,21.620000,22.090000,21.420100,21.910000,5260619
2026-05-19T00:00:00Z,21.880000,22.190000,21.600000,22.100000,4433264
2026-05-20T00:00:00Z,22.050000,22.730000,21.900000,22.550000,6327568
2026-05-21T00:00:00Z,22.440000,22.620000,22.210000,22.490000,3145271
2026-05-22T00:00:00Z,22.400000,22.580000,21.795000,21.960000,5279747
2026-05-26T00:00:00Z,21.945000,22.180000,21.850000,21.910000,5875502
2026-05-27T00:00:00Z,21.800000,21.880000,21.490000,21.680000,4203461
2026-05-28T00:00:00Z,21.650000,21.990000,21.640000,21.680000,3214665
2026-05-29T00:00:00Z,21.600000,21.630000,21.140000,21.180000,6486801
2026-06-01T00:00:00Z,21.020000,21.560000,20.890000,21.360000,6769737
2026-06-02T00:00:00Z,21.140000,21.240000,20.885000,20.920000,6025010
2026-06-03T00:00:00Z,23.280000,23.680000,22.120000,22.180000,17884802
2026-06-04T00:00:00Z,22.330000,23.065000,22.200000,22.270000,6818945
2026-06-05T00:00:00Z,22.260000,22.350500,21.330000,21.800000,6429236
2026-06-08T00:00:00Z,21.770000,22.270000,21.650000,22.260000,5115505
2026-06-09T00:00:00Z,22.275000,22.460000,21.920000,22.280000,5686183
2026-06-10T00:00:00Z,22.020000,22.650000,21.895000,22.420000,4425814
2026-06-11T00:00:00Z,22.390000,22.435000,21.940000,22.180000,6013960
2026-06-12T00:00:00Z,22.060000,22.160000,21.500000,21.770000,5328346
2026-06-15T00:00:00Z,21.700000,22.031100,21.645000,21.740000,4762916
2026-06-16T00:00:00Z,21.640000,21.700000,21.130000,21.460000,6375886
2026-06-17T00:00:00Z,21.440000,21.930000,21.230000,21.510000,4680323
2026-06-18T00:00:00Z,21.450000,21.665000,21.350000,21.520000,9220054
2026-06-22T00:00:00Z,21.280000,21.610100,21.105000,21.140000,6373013
2026-06-23T00:00:00Z,21.000000,21.490000,20.930900,21.080000,4002844
2026-06-24T00:00:00Z,21.180000,21.650000,21.167700,21.440000,3354265
2026-06-25T00:00:00Z,21.360000,21.405000,20.930000,21.010000,3832568
2026-06-26T00:00:00Z,20.940000,21.845000,20.940000,21.760000,5703117
2026-06-29T00:00:00Z,22.050000,22.145000,21.880000,22.030000,4060319
2026-06-30T00:00:00Z,21.850000,22.180000,21.700000,22.080000,4358876
2026-07-01T00:00:00Z,21.950000,22.745000,21.910000,22.640000,4476002
2026-07-02T00:00:00Z,22.750000,23.105000,22.600000,22.820000,4610975
2026-07-06T00:00:00Z,22.600000,22.890000,22.330000,22.760000,4089836
2026-07-07T00:00:00Z,22.790000,22.887000,21.950000,22.200000,4749559
2026-07-08T00:00:00Z,22.000000,22.110000,21.630000,21.700000,3680657
2026-07-09T00:00:00Z,21.700000,21.985000,21.530000,21.950000,2625134
2026-07-10T00:00:00Z,21.940000,22.021300,21.660000,21.680000,1846396
2026-07-13T00:00:00Z,21.750000,22.350000,21.725000,22.030000,2917353
2026-07-14T00:00:00Z,22.050000,22.530000,22.050000,22.430000,2782902
2026-07-15T00:00:00Z,22.490000,22.620000,22.155000,22.260000,2560795
2026-07-16T00:00:00Z,22.300000,22.510000,21.860000,21.920000,3517633
2026-07-17T00:00:00Z,21.860000,22.070000,21.665000,21.890000,2624234
2026-07-20T00:00:00Z,21.890000,21.975300,21.665000,21.760000,3923265
2026-07-21T00:00:00Z,21.780000,21.900000,21.575000,21.790000,2916158
2026-07-22T00:00:00Z,21.800000,21.880000,21.540000,21.600000,3171218
2026-07-23T00:00:00Z,21.480000,21.540000,21.205000,21.350000,3683579
2026-07-24T00:00:00Z,21.360000,21.500000,21.125000,21.170000,2575289
2026-07-27T00:00:00Z,21.280000,21.560000,21.270000,21.520000,3907846
2026-07-28T00:00:00Z,21.550000,22.260000,21.540000,22.160000,3964863
2026-07-29T00:00:00Z,22.170000,22.175000,21.777500,21.840000,2646616
